{
  "crs": "EPSG:32636",
  "minx": 731808.1750927734,
  "miny": 3752723.476220703,
  "res": 2.0,
  "width": 1458,
  "height": 1033,
  "maxy": 3754789.476220703
}