{
  "crs": "EPSG:32636",
  "minx": 731808.1750927734,
  "miny": 3752723.476220703,
  "res": 0.5,
  "width": 5832,
  "height": 4132,
  "maxy": 3754789.476220703,
  "source_las": "/home/stathisliap/Work/Beirut_drone.las",
  "points_used": 1503077100,
  "partial": false
}