t_s,h_P1,h_P2,h_P3,h_P4,h_P5,h_P6,h_P7,h_P8,h_P9,vmax_P1,vmax_P2,vmax_P3,vmax_P4,vmax_P5,vmax_P6,vmax_P7,vmax_P8,vmax_P9
0.0,0.0,0.0,0.0,0.0,0.0,0.0,0.0,0.0,0.0,0.0,0.0,0.0,0.0,0.0,0.0,0.0,0.0,0.0
22.3,0.0,0.0,0.0,0.0,0.0,0.0,0.0,0.0,0.0,0.0,0.0,0.0,0.0,0.0,0.0,0.0,0.0,0.0
40.2,0.0,0.0,0.0,0.0,0.0,0.0,0.0,0.0,0.0,0.0,0.0,0.0,0.0,0.0,0.0,0.0,0.0,0.0
62.6,0.0005,0.0005,0.0005,0.0005,0.0005,0.0005,0.0005,0.0005,0.0005,0.0,0.0,0.0,0.0,0.0,0.0,0.0,0.0,0.0
80.4,0.0121,0.0061,0.0032,0.0015,0.0022,0.0025,0.0012,0.0022,0.0037,0.0,0.0,0.0,0.0,0.0,0.0,0.0,0.0,0.0
100.9,0.0422,0.0146,0.0109,0.0016,0.0048,0.0029,0.0012,0.0036,0.0117,0.039,0.098,0.0,0.0,0.0,0.0,0.0,0.0,0.129
120.5,0.0759,0.0363,0.0159,0.0019,0.0056,0.0034,0.0014,0.0074,0.0139,0.142,0.098,0.115,0.0,0.0,0.0,0.0,0.0,0.147
140.5,0.1045,0.0515,0.018,0.0021,0.0073,0.0043,0.0014,0.0091,0.0254,0.142,0.098,0.126,0.0,0.0,0.0,0.0,0.0,0.147
160.3,0.125,0.0633,0.0197,0.0023,0.0114,0.0057,0.0015,0.0154,0.0407,0.142,0.111,0.129,0.0,0.268,0.0,0.0,0.331,0.147
180.0,0.1456,0.0783,0.0225,0.0026,0.0241,0.0082,0.0016,0.0283,0.05,0.142,0.239,0.129,0.0,0.268,0.0,0.0,0.478,0.186
200.4,0.1711,0.0895,0.032,0.0031,0.0482,0.0109,0.0036,0.0372,0.0668,0.142,0.357,0.129,0.0,0.268,0.277,0.0,0.556,0.356
220.1,0.2041,0.101,0.0436,0.0055,0.0747,0.014,0.0265,0.0476,0.0865,0.142,0.418,0.129,0.0,0.268,0.326,0.13,0.646,0.524
240.0,0.2496,0.1147,0.0545,0.0143,0.1028,0.0157,0.0639,0.0591,0.1034,0.142,0.457,0.156,0.112,0.268,0.354,0.338,0.729,0.622
260.2,0.2945,0.1257,0.0625,0.0159,0.1324,0.0145,0.0896,0.0685,0.1221,0.142,0.511,0.189,0.117,0.268,0.354,0.51,0.793,0.744
280.3,0.3425,0.1361,0.0699,0.0168,0.1529,0.0132,0.101,0.0767,0.1335,0.142,0.563,0.219,0.119,0.268,0.354,0.61,0.85,0.839
300.1,0.3888,0.1451,0.0765,0.024,0.1597,0.0123,0.1085,0.0799,0.1391,0.142,0.607,0.238,0.143,0.268,0.354,0.663,0.879,0.89
320.2,0.4263,0.1528,0.0833,0.0331,0.1643,0.0109,0.1074,0.0764,0.1411,0.142,0.651,0.254,0.181,0.268,0.354,0.703,0.879,0.92
340.2,0.4552,0.1634,0.0974,0.0435,0.1664,0.0094,0.099,0.0759,0.1432,0.142,0.708,0.256,0.256,0.268,0.354,0.703,0.879,0.939
360.1,0.4741,0.1705,0.1237,0.0468,0.168,0.0081,0.09,0.0727,0.1459,0.142,0.757,0.256,0.319,0.268,0.354,0.703,0.879,0.964
380.4,0.488,0.1784,0.1488,0.0489,0.1682,0.0068,0.0896,0.0674,0.1481,0.142,0.797,0.256,0.342,0.268,0.354,0.703,0.879,0.982
400.1,0.4981,0.1984,0.1705,0.0517,0.1685,0.0058,0.0821,0.0641,0.1478,0.142,0.887,0.256,0.36,0.268,0.354,0.703,0.879,0.987
420.3,0.5054,0.2027,0.184,0.0573,0.1684,0.005,0.0798,0.0609,0.1463,0.142,0.935,0.256,0.386,0.268,0.354,0.703,0.879,0.987
440.0,0.5111,0.1996,0.2012,0.0652,0.1685,0.0151,0.0781,0.0599,0.1469,0.142,0.937,0.256,0.417,0.268,0.354,0.703,0.879,0.987
460.2,0.518,0.2007,0.2173,0.072,0.1678,0.0046,0.0744,0.0639,0.1457,0.142,0.937,0.256,0.457,0.268,1.233,0.703,0.879,0.987
480.3,0.5263,0.1943,0.2314,0.0734,0.1663,0.0038,0.0724,0.0707,0.1438,0.142,0.937,0.256,0.474,0.268,1.233,0.703,0.879,0.987
500.4,0.5324,0.1919,0.2375,0.0739,0.1644,0.0265,0.0696,0.0816,0.1427,0.142,0.937,0.256,0.474,0.268,1.233,0.703,0.879,0.987
520.0,0.538,0.1859,0.2476,0.0742,0.1628,0.0111,0.0675,0.0824,0.1413,0.142,0.937,0.256,0.474,0.268,1.233,0.703,0.899,0.987
540.1,0.5395,0.1839,0.2544,0.0722,0.1613,0.0324,0.0657,0.1024,0.1401,0.142,0.937,0.256,0.474,0.268,1.233,0.703,0.992,0.987
560.2,0.5419,0.1764,0.2696,0.0701,0.1603,0.015,0.0635,0.0817,0.1403,0.142,0.937,0.256,0.474,0.268,1.233,0.703,0.998,0.987
580.3,0.5414,0.1735,0.2716,0.0679,0.1601,0.0152,0.0613,0.1904,0.1422,0.142,0.937,0.256,0.474,0.268,1.233,0.703,1.328,0.987
600.3,0.541,0.1708,0.2794,0.0655,0.161,0.0166,0.0587,0.0014,0.1471,0.142,0.937,0.256,0.474,0.268,1.233,0.703,1.328,0.987
620.4,0.5406,0.1672,0.2893,0.0634,0.1634,0.0161,0.0559,0.0114,0.1441,0.142,0.937,0.256,0.474,0.268,1.233,0.703,1.328,0.987
640.4,0.5403,0.1643,0.2971,0.0624,0.1714,0.0184,0.0529,0.2707,0.1469,0.142,0.937,0.256,0.474,0.268,1.233,0.703,1.328,1.026
660.5,0.5391,0.1616,0.2971,0.0638,0.173,0.0186,0.0498,0.021,0.1563,0.142,0.937,0.256,0.474,0.268,1.233,0.703,1.414,1.178
680.0,0.5383,0.1591,0.3018,0.0671,0.1722,0.019,0.0469,0.0012,0.1127,0.142,0.937,0.256,0.474,0.268,1.233,0.703,1.419,1.178
700.0,0.5372,0.157,0.307,0.0753,0.1706,0.0198,0.0439,0.0599,0.1988,0.142,0.937,0.256,0.474,0.268,1.233,0.703,1.419,1.178
720.1,0.5359,0.1549,0.3067,0.1019,0.1703,0.0176,0.0409,0.0613,0.1398,0.142,0.937,0.256,0.7,0.268,1.233,0.703,1.419,1.178
740.1,0.5347,0.1529,0.3132,0.0631,0.1695,0.0173,0.0381,0.0788,0.0721,0.142,0.937,0.256,0.7,0.268,1.233,0.703,1.419,1.178
760.1,0.5335,0.151,0.317,0.0771,0.1699,0.0173,0.0354,0.0722,0.0913,0.142,0.937,0.256,0.7,0.268,1.233,0.703,1.419,1.178
780.2,0.5321,0.149,0.3216,0.0718,0.1699,0.0166,0.0327,0.0744,0.1274,0.142,0.937,0.256,0.7,0.268,1.233,0.703,1.419,1.178
800.2,0.5307,0.1471,0.3259,0.0692,0.1759,0.0159,0.0302,0.0809,0.1708,0.142,0.937,0.256,0.7,0.268,1.233,0.703,1.419,1.178
820.2,0.5295,0.1452,0.3271,0.0883,0.1725,0.0154,0.0278,0.0725,0.1241,0.142,0.937,0.256,0.7,0.268,1.233,0.703,1.419,1.178
840.2,0.528,0.1433,0.3327,0.05,0.1663,0.0148,0.0255,0.0751,0.1487,0.142,0.937,0.256,0.7,0.268,1.233,0.703,1.419,1.178
860.2,0.5267,0.1414,0.342,0.0704,0.1621,0.0142,0.0232,0.0711,0.1212,0.142,0.937,0.256,0.7,0.268,1.233,0.703,1.419,1.178
880.2,0.5253,0.1396,0.3488,0.0613,0.1621,0.0136,0.0211,0.0717,0.1127,0.142,0.937,0.256,0.7,0.268,1.233,0.703,1.419,1.178
900.2,0.5239,0.1378,0.3533,0.0535,0.1614,0.0129,0.0192,0.0694,0.1395,0.142,0.937,0.256,0.7,0.268,1.233,0.703,1.419,1.178
920.2,0.5225,0.136,0.3618,0.0644,0.1608,0.0124,0.0173,0.0686,0.14,0.142,0.937,0.256,0.7,0.268,1.233,0.703,1.419,1.178
940.2,0.521,0.1343,0.3573,0.0678,0.1565,0.0118,0.0157,0.0673,0.1415,0.142,0.937,0.256,0.7,0.268,1.233,0.703,1.419,1.178
960.2,0.5195,0.1327,0.3702,0.0574,0.1571,0.0112,0.0141,0.066,0.1397,0.142,0.937,0.256,0.7,0.268,1.233,0.703,1.419,1.178
980.2,0.5183,0.1311,0.3678,0.0623,0.1547,0.0107,0.0127,0.0652,0.1391,0.142,0.937,0.256,0.7,0.268,1.233,0.703,1.419,1.178
1000.2,0.5169,0.1295,0.3709,0.0598,0.1526,0.0101,0.0114,0.0642,0.1377,0.142,0.937,0.256,0.7,0.268,1.233,0.703,1.419,1.178
1020.2,0.5155,0.128,0.3762,0.0582,0.1517,0.0096,0.0102,0.0635,0.1377,0.142,0.937,0.256,0.7,0.268,1.233,0.703,1.419,1.178
1040.2,0.5142,0.1265,0.3799,0.0567,0.1513,0.0091,0.0092,0.062,0.137,0.142,0.937,0.256,0.7,0.268,1.233,0.703,1.419,1.178
1060.2,0.5128,0.1251,0.3859,0.0552,0.1507,0.0087,0.0082,0.06,0.1365,0.142,0.937,0.256,0.7,0.268,1.233,0.703,1.419,1.178
1080.2,0.5117,0.1238,0.3917,0.0537,0.1504,0.0082,0.0073,0.0592,0.1361,0.142,0.937,0.256,0.7,0.268,1.233,0.703,1.419,1.178
1100.2,0.5103,0.1225,0.3937,0.0524,0.1494,0.0078,0.0065,0.0582,0.1354,0.142,0.937,0.256,0.7,0.268,1.233,0.703,1.419,1.178
1120.2,0.509,0.1212,0.3947,0.0512,0.1488,0.0073,0.0057,0.0572,0.1349,0.142,0.937,0.256,0.7,0.268,1.233,0.703,1.419,1.178
1140.2,0.5078,0.12,0.4053,0.0501,0.1473,0.0069,0.005,0.056,0.1341,0.142,0.937,0.256,0.7,0.268,1.233,0.703,1.419,1.178
1160.2,0.5067,0.1188,0.4002,0.0491,0.1464,0.0065,0.0044,0.0551,0.1333,0.142,0.937,0.256,0.7,0.268,1.233,0.703,1.419,1.178
1180.2,0.5054,0.1177,0.4034,0.0482,0.1455,0.0061,0.0039,0.054,0.1326,0.142,0.937,0.256,0.7,0.268,1.233,0.703,1.419,1.178
1200.2,0.5041,0.1166,0.4107,0.0474,0.1448,0.0058,0.0034,0.0532,0.1319,0.142,0.937,0.256,0.7,0.268,1.233,0.703,1.419,1.178
1220.2,0.5031,0.1155,0.412,0.0467,0.144,0.0054,0.0029,0.0522,0.131,0.142,0.937,0.256,0.7,0.268,1.233,0.703,1.419,1.178
1240.2,0.5021,0.1144,0.4098,0.046,0.1432,0.0051,0.0025,0.0514,0.1302,0.142,0.937,0.256,0.7,0.268,1.233,0.703,1.419,1.178
1260.2,0.501,0.1134,0.4176,0.0453,0.1423,0.0048,0.0021,0.0505,0.1294,0.142,0.937,0.256,0.7,0.268,1.233,0.703,1.419,1.178
1280.2,0.4999,0.1124,0.4203,0.0447,0.1415,0.0044,0.0017,0.0496,0.1285,0.142,0.937,0.256,0.7,0.268,1.233,0.703,1.419,1.178
1300.2,0.4989,0.1114,0.4225,0.0442,0.1407,0.0042,0.0014,0.0489,0.1276,0.142,0.937,0.256,0.7,0.268,1.233,0.703,1.419,1.178
1320.2,0.4977,0.1105,0.4269,0.0437,0.1399,0.0039,0.0011,0.0481,0.1267,0.142,0.937,0.256,0.7,0.268,1.233,0.703,1.419,1.178
1340.2,0.4969,0.1096,0.4294,0.0432,0.1392,0.0036,0.0009,0.0474,0.1257,0.142,0.937,0.256,0.7,0.268,1.233,0.703,1.419,1.178
1360.2,0.4959,0.1086,0.4288,0.0427,0.1384,0.0033,0.0006,0.0467,0.1247,0.142,0.937,0.256,0.7,0.268,1.233,0.703,1.419,1.178
1380.2,0.495,0.1077,0.4315,0.0422,0.1377,0.0031,0.0004,0.046,0.1237,0.142,0.937,0.256,0.7,0.268,1.233,0.703,1.419,1.178
1400.2,0.4939,0.1069,0.429,0.0417,0.1369,0.0029,0.0003,0.0454,0.1227,0.142,0.937,0.256,0.7,0.268,1.233,0.703,1.419,1.178
1420.2,0.493,0.106,0.4331,0.0412,0.1362,0.0026,0.0002,0.0447,0.1217,0.142,0.937,0.256,0.7,0.268,1.233,0.703,1.419,1.178
1440.2,0.4922,0.1052,0.4364,0.0407,0.1354,0.0024,0.0001,0.0441,0.1207,0.142,0.937,0.256,0.7,0.268,1.233,0.703,1.419,1.178
1460.2,0.4914,0.1043,0.4384,0.0402,0.1347,0.0022,0.0001,0.0435,0.1197,0.142,0.937,0.256,0.7,0.268,1.233,0.703,1.419,1.178
1480.2,0.4906,0.1035,0.4373,0.0397,0.134,0.002,0.0001,0.0429,0.1186,0.142,0.937,0.256,0.7,0.268,1.233,0.703,1.419,1.178
1500.2,0.4897,0.1028,0.4382,0.0392,0.1332,0.0019,0.0001,0.0423,0.1176,0.142,0.937,0.256,0.7,0.268,1.233,0.703,1.419,1.178
1520.2,0.4888,0.102,0.4428,0.0387,0.1325,0.0017,0.0001,0.0417,0.1166,0.142,0.937,0.256,0.7,0.268,1.233,0.703,1.419,1.178
1540.2,0.4881,0.1013,0.4429,0.0381,0.1318,0.0015,0.0001,0.0412,0.1155,0.142,0.937,0.256,0.7,0.268,1.233,0.703,1.419,1.178
1560.2,0.4874,0.1006,0.4467,0.0376,0.131,0.0014,0.0001,0.0406,0.1145,0.142,0.937,0.256,0.7,0.268,1.233,0.703,1.419,1.178
1580.2,0.4866,0.0999,0.4483,0.037,0.1303,0.0012,0.0001,0.04,0.1134,0.142,0.937,0.256,0.7,0.268,1.233,0.703,1.419,1.178
1600.2,0.4859,0.0992,0.451,0.0365,0.1295,0.0011,0.0001,0.0394,0.1124,0.142,0.937,0.256,0.7,0.268,1.233,0.703,1.419,1.178
1620.2,0.4849,0.0985,0.4461,0.0359,0.1288,0.001,0.0001,0.0388,0.1114,0.142,0.937,0.256,0.7,0.268,1.233,0.703,1.419,1.178
1640.1,0.4844,0.0979,0.4474,0.0354,0.1281,0.0008,0.0001,0.0383,0.1104,0.142,0.937,0.256,0.7,0.268,1.233,0.703,1.419,1.178
1660.3,0.4836,0.0972,0.4544,0.0348,0.1273,0.0007,0.0001,0.0377,0.1094,0.142,0.937,0.256,0.7,0.268,1.233,0.703,1.419,1.178
1680.4,0.4829,0.0966,0.4544,0.0342,0.1266,0.0006,0.0001,0.0371,0.1083,0.142,0.937,0.256,0.7,0.268,1.233,0.703,1.419,1.178
1700.2,0.4823,0.096,0.4535,0.0337,0.1259,0.0005,0.0001,0.0366,0.1074,0.142,0.937,0.256,0.7,0.268,1.233,0.703,1.419,1.178
1720.4,0.4817,0.0954,0.4548,0.0331,0.1252,0.0004,0.0001,0.036,0.1063,0.142,0.937,0.256,0.7,0.268,1.233,0.703,1.419,1.178
1740.3,0.481,0.0949,0.454,0.0325,0.1245,0.0003,0.0001,0.0355,0.1054,0.142,0.937,0.256,0.7,0.268,1.233,0.703,1.419,1.178
1760.2,0.4803,0.0943,0.4565,0.0319,0.1238,0.0003,0.0001,0.035,0.1044,0.142,0.937,0.256,0.7,0.268,1.233,0.703,1.419,1.178
1780.3,0.4799,0.0938,0.4575,0.0313,0.123,0.0002,0.0001,0.0344,0.1034,0.142,0.937,0.256,0.7,0.268,1.233,0.703,1.419,1.178
1800.2,0.4792,0.0932,0.4622,0.0307,0.1223,0.0002,0.0001,0.034,0.1025,0.142,0.937,0.256,0.7,0.268,1.233,0.703,1.419,1.178
1820.0,0.4785,0.0927,0.459,0.0301,0.1216,0.0001,0.0001,0.0335,0.1015,0.142,0.937,0.256,0.7,0.268,1.233,0.703,1.419,1.178
1840.1,0.4781,0.0922,0.4623,0.0296,0.1209,0.0001,0.0001,0.033,0.1006,0.142,0.937,0.256,0.7,0.268,1.233,0.703,1.419,1.178
1860.0,0.4775,0.0917,0.4626,0.029,0.1202,0.0001,0.0049,0.0325,0.0997,0.142,0.937,0.256,0.7,0.268,1.233,0.703,1.419,1.178
1880.3,0.4768,0.0912,0.4586,0.0284,0.1195,0.0001,0.0454,0.0321,0.0987,0.142,0.937,0.256,0.7,0.268,1.233,0.703,1.419,1.178
1900.0,0.4762,0.0907,0.4645,0.0278,0.1189,0.0001,0.0732,0.0316,0.0978,0.142,0.937,0.256,0.7,0.268,1.233,0.703,1.419,1.178
1920.1,0.4757,0.0902,0.4614,0.0272,0.1182,0.0001,0.0939,0.0311,0.097,0.142,0.937,0.256,0.7,0.268,1.233,0.703,1.419,1.178
1940.4,0.4754,0.0897,0.4649,0.0266,0.1175,0.0001,0.1129,0.0307,0.0961,0.142,0.937,0.256,0.7,0.268,1.233,0.717,1.419,1.178
1960.3,0.4747,0.0893,0.4671,0.0261,0.1168,0.0001,0.1292,0.0302,0.0952,0.142,0.937,0.256,0.7,0.268,1.233,0.788,1.419,1.178
1980.0,0.4743,0.0889,0.4651,0.0255,0.1161,0.0001,0.1414,0.0298,0.0944,0.142,0.937,0.256,0.7,0.268,1.233,0.848,1.419,1.178
2000.1,0.4737,0.0884,0.4678,0.0249,0.1155,0.0001,0.1515,0.0293,0.0935,0.142,0.937,0.256,0.7,0.268,1.233,0.903,1.419,1.178
2020.1,0.4732,0.088,0.4668,0.0244,0.1148,0.0001,0.1606,0.0289,0.0927,0.142,0.937,0.256,0.7,0.268,1.233,0.952,1.419,1.178
2040.1,0.4726,0.0876,0.4669,0.0238,0.1142,0.0001,0.1715,0.0285,0.0919,0.142,0.937,0.256,0.7,0.268,1.233,0.994,1.419,1.178
2060.3,0.4723,0.0872,0.4673,0.0232,0.1135,0.0001,0.1804,0.028,0.0911,0.142,0.937,0.256,0.7,0.268,1.233,1.032,1.419,1.178
2080.1,0.4717,0.0891,0.4677,0.0227,0.1129,0.0001,0.187,0.0276,0.0904,0.142,0.937,0.256,0.7,0.268,1.233,1.06,1.419,1.178
2100.3,0.4714,0.151,0.4694,0.0222,0.1122,0.0001,0.1945,0.0272,0.0896,0.142,0.937,0.256,0.7,0.268,1.233,1.093,1.419,1.178
2120.4,0.4708,0.1713,0.4724,0.0216,0.1116,0.0001,0.2004,0.0268,0.0888,0.142,0.937,0.256,0.7,0.268,1.233,1.12,1.419,1.178
2140.0,0.4703,0.1859,0.4697,0.0211,0.111,0.0001,0.2069,0.0264,0.0881,0.142,0.937,0.256,0.7,0.268,1.233,1.145,1.419,1.178
2160.1,0.4723,0.1923,0.4724,0.0206,0.1103,0.0079,0.2129,0.026,0.0874,0.142,0.937,0.256,0.7,0.268,1.233,1.171,1.419,1.178
2180.1,0.4765,0.199,0.4742,0.02,0.1097,0.0074,0.2183,0.0256,0.0867,0.142,0.937,0.256,0.7,0.268,1.233,1.192,1.419,1.178
2200.1,0.4821,0.206,0.4735,0.0195,0.1091,0.007,0.2239,0.0252,0.086,0.142,0.949,0.256,0.7,0.268,1.338,1.216,1.419,1.178
2220.1,0.4895,0.2116,0.4767,0.019,0.1085,0.0048,0.2284,0.0249,0.0853,0.142,0.98,0.256,0.7,0.268,1.338,1.235,1.419,1.178
2240.1,0.4946,0.2171,0.4722,0.0185,0.1079,0.0455,0.2305,0.0245,0.0846,0.142,1.01,0.256,0.7,0.268,1.338,1.247,1.419,1.178
2260.0,0.4999,0.2217,0.4759,0.018,0.1073,0.0568,0.2324,0.0242,0.0839,0.142,1.037,0.256,0.7,0.268,1.338,1.26,1.419,1.178
2280.0,0.5043,0.2251,0.477,0.0175,0.1067,0.0436,0.2349,0.0238,0.0833,0.142,1.057,0.256,0.7,0.268,1.338,1.269,1.419,1.178
2300.4,0.5104,0.2279,0.4739,0.017,0.1061,0.0637,0.2372,0.0235,0.0826,0.142,1.073,0.256,0.7,0.268,1.338,1.279,1.419,1.178
2320.4,0.5136,0.2308,0.4755,0.0165,0.1055,0.0565,0.2392,0.0624,0.082,0.142,1.088,0.256,0.7,0.268,1.338,1.287,1.419,1.178
2340.4,0.5186,0.2327,0.4762,0.016,0.105,0.0489,0.2412,0.1321,0.0813,0.142,1.1,0.256,0.7,0.268,1.338,1.297,1.419,1.178
2360.3,0.5222,0.2331,0.4784,0.0156,0.1044,0.0469,0.2414,0.1265,0.0807,0.142,1.105,0.256,0.7,0.268,1.338,1.3,1.419,1.178
2380.3,0.5259,0.2349,0.4798,0.0151,0.1038,0.0504,0.2411,0.0021,0.0801,0.142,1.112,0.256,0.7,0.268,1.338,1.302,1.419,1.178
2400.3,0.5296,0.2363,0.4802,0.0146,0.1033,0.0473,0.2409,0.0179,0.0795,0.142,1.12,0.256,0.7,0.268,1.338,1.303,1.419,1.178
2420.3,0.5332,0.237,0.4863,0.0141,0.1031,0.0357,0.241,0.0095,0.0795,0.142,1.124,0.256,0.7,0.268,1.338,1.303,1.475,1.178
2440.3,0.5367,0.2378,0.49,0.0137,0.1545,0.0424,0.241,0.0079,0.0777,0.142,1.128,0.256,0.7,0.415,1.338,1.303,1.607,1.178
2460.4,0.5427,0.2386,0.4889,0.0132,0.1498,0.0557,0.2406,0.0189,0.1221,0.142,1.133,0.256,0.7,0.415,1.338,1.303,1.607,1.178
2480.1,0.5476,0.2384,0.4856,0.0128,0.1625,0.0595,0.2392,0.0053,0.1059,0.142,1.133,0.256,0.7,0.415,1.338,1.303,1.607,1.178
2500.2,0.5525,0.2386,0.4893,0.03,0.1662,0.0479,0.2372,0.0011,0.0878,0.142,1.134,0.256,0.7,0.415,1.338,1.303,1.607,1.178
2520.4,0.5569,0.2387,0.4928,0.0313,0.1728,0.0532,0.2352,0.0779,0.1363,0.142,1.135,0.256,0.7,0.415,1.338,1.303,1.607,1.178
2540.2,0.5609,0.2386,0.4966,0.0437,0.1753,0.0556,0.2336,0.0227,0.1107,0.142,1.136,0.256,0.7,0.415,1.338,1.303,1.643,1.178
2560.1,0.5639,0.2386,0.4983,0.049,0.1788,0.0592,0.2319,0.0003,0.0853,0.142,1.136,0.256,0.7,0.415,1.338,1.303,1.643,1.178
2580.1,0.5671,0.2383,0.4991,0.0599,0.1807,0.0515,0.2298,0.0058,0.0991,0.142,1.136,0.256,0.7,0.415,1.338,1.303,1.643,1.178
2600.1,0.5695,0.2377,0.5066,0.0657,0.1835,0.0455,0.2253,0.0097,0.1154,0.142,1.136,0.256,0.7,0.415,1.338,1.303,1.643,1.178
2620.2,0.5718,0.2371,0.5026,0.0675,0.1864,0.0496,0.2199,0.0,0.159,0.142,1.136,0.256,0.7,0.415,1.338,1.303,1.643,1.178
2640.4,0.5738,0.2364,0.5051,0.078,0.1889,0.0641,0.2144,0.0101,0.1243,0.142,1.136,0.256,0.7,0.415,1.338,1.303,1.643,1.178
2660.3,0.5755,0.2357,0.5094,0.0681,0.1893,0.0625,0.2094,0.0015,0.102,0.142,1.136,0.256,0.7,0.415,1.338,1.303,1.643,1.178
2680.2,0.5768,0.2349,0.5196,0.0721,0.1918,0.0626,0.2041,0.0183,0.1171,0.142,1.136,0.256,0.7,0.415,1.338,1.303,1.643,1.178
2700.2,0.5776,0.234,0.512,0.0683,0.1919,0.052,0.1989,0.0189,0.0839,0.142,1.136,0.256,0.7,0.415,1.338,1.303,1.643,1.178
2720.4,0.5784,0.2314,0.5154,0.0881,0.193,0.0444,0.1932,0.0731,0.1119,0.142,1.136,0.256,0.7,0.415,1.338,1.303,1.643,1.178
2740.1,0.5787,0.2299,0.5363,0.0752,0.1946,0.0448,0.1872,0.125,0.0731,0.142,1.136,0.256,0.7,0.415,1.338,1.303,1.643,1.178
2760.0,0.5792,0.2277,0.5327,0.0736,0.195,0.0456,0.1811,0.0743,0.0956,0.142,1.136,0.256,0.7,0.415,1.338,1.303,1.643,1.178
2780.0,0.579,0.2257,0.5376,0.0965,0.1964,0.0388,0.1749,0.1033,0.0761,0.142,1.136,0.256,0.7,0.415,1.338,1.303,1.643,1.178
2800.2,0.5781,0.2233,0.5428,0.0848,0.1964,0.0212,0.1686,0.0008,0.1282,0.142,1.136,0.256,0.7,0.415,1.338,1.303,1.714,1.178
2820.4,0.5775,0.2207,0.5474,0.0846,0.197,0.0333,0.162,0.0012,0.1942,0.142,1.136,0.256,0.7,0.415,1.338,1.303,1.714,1.178
2840.4,0.5763,0.2182,0.5613,0.0863,0.1992,0.0417,0.1555,0.1236,0.0936,0.142,1.136,0.256,0.7,0.415,1.338,1.303,1.714,1.178
2860.4,0.5752,0.2154,0.5581,0.0913,0.197,0.0435,0.1487,0.1246,0.1885,0.142,1.136,0.256,0.7,0.415,1.338,1.303,1.714,1.178
2880.1,0.5736,0.2127,0.5582,0.066,0.1975,0.0406,0.1417,0.1096,0.0651,0.142,1.136,0.256,0.7,0.415,1.338,1.303,1.714,1.178
2900.4,0.5721,0.2097,0.5757,0.0725,0.1982,0.0417,0.1345,0.1483,0.1382,0.142,1.136,0.256,0.7,0.415,1.338,1.303,1.714,1.178
2920.3,0.5701,0.2067,0.5819,0.1308,0.1969,0.0412,0.1271,0.1856,0.1273,0.142,1.136,0.256,0.732,0.415,1.338,1.303,1.714,1.178
2940.4,0.5683,0.2036,0.5765,0.0635,0.1963,0.0404,0.1197,0.2666,0.087,0.142,1.136,0.256,0.732,0.415,1.338,1.303,1.714,1.178
2960.1,0.566,0.2004,0.5791,0.0855,0.1962,0.0379,0.1123,0.0245,0.1098,0.142,1.136,0.256,0.732,0.415,1.338,1.303,1.714,1.178
2980.4,0.5638,0.1972,0.5903,0.0897,0.1959,0.0365,0.106,0.0246,0.1864,0.142,1.136,0.256,0.732,0.415,1.338,1.303,1.714,1.178
3000.4,0.5618,0.1938,0.5991,0.0717,0.2002,0.0349,0.0998,0.0974,0.0491,0.142,1.136,0.256,0.732,0.415,1.338,1.303,1.714,1.178
3020.5,0.5594,0.1902,0.605,0.077,0.1975,0.032,0.0943,0.0477,0.1302,0.142,1.136,0.256,0.732,0.415,1.338,1.303,1.714,1.178
3040.1,0.5572,0.1868,0.6018,0.1125,0.1935,0.0295,0.0887,0.0899,0.0738,0.142,1.136,0.256,0.732,0.415,1.338,1.303,1.714,1.178
3060.2,0.5547,0.1832,0.6059,0.0671,0.1923,0.0266,0.0832,0.1164,0.1176,0.142,1.136,0.256,0.732,0.415,1.338,1.303,1.714,1.178
3080.3,0.5524,0.1796,0.6081,0.0766,0.1919,0.0306,0.0777,0.0977,0.1344,0.142,1.136,0.256,0.732,0.415,1.338,1.303,1.714,1.178
3100.3,0.55,0.1758,0.6249,0.0614,0.1922,0.0309,0.0722,0.0911,0.1332,0.142,1.136,0.256,0.732,0.415,1.338,1.303,1.714,1.178
3120.3,0.5477,0.1723,0.623,0.0706,0.1934,0.028,0.0672,0.0949,0.1293,0.142,1.136,0.256,0.732,0.415,1.338,1.303,1.714,1.178
3140.2,0.5453,0.1696,0.6182,0.0797,0.1975,0.0271,0.0625,0.0974,0.1482,0.142,1.136,0.256,0.732,0.415,1.338,1.303,1.714,1.178
3160.1,0.5428,0.1663,0.6252,0.0622,0.1924,0.0267,0.0581,0.0928,0.1336,0.142,1.136,0.256,0.732,0.415,1.338,1.303,1.714,1.178
3180.5,0.5403,0.1634,0.6313,0.0841,0.1897,0.0227,0.0536,0.0926,0.1529,0.142,1.136,0.256,0.732,0.415,1.338,1.303,1.714,1.178
3200.3,0.5382,0.1604,0.6312,0.0626,0.1901,0.0194,0.0496,0.0951,0.1418,0.142,1.136,0.256,0.732,0.415,1.338,1.303,1.714,1.178
3220.0,0.5357,0.1578,0.645,0.0768,0.1898,0.0207,0.0457,0.0922,0.1412,0.142,1.136,0.256,0.732,0.415,1.338,1.303,1.714,1.178
3240.2,0.5334,0.155,0.6321,0.0728,0.1912,0.0207,0.0418,0.0746,0.1371,0.142,1.136,0.256,0.732,0.415,1.338,1.303,1.714,1.178
3260.4,0.5312,0.1523,0.6429,0.0706,0.1912,0.0198,0.0382,0.0789,0.1375,0.142,1.136,0.256,0.732,0.415,1.338,1.303,1.714,1.178
3280.1,0.5292,0.1497,0.6454,0.0724,0.1941,0.0182,0.0348,0.0799,0.1479,0.142,1.136,0.256,0.732,0.415,1.338,1.303,1.714,1.178
3300.2,0.5271,0.1473,0.6557,0.0684,0.1948,0.017,0.0316,0.076,0.1447,0.142,1.136,0.256,0.732,0.415,1.338,1.303,1.714,1.178
3320.3,0.5248,0.1449,0.6526,0.0684,0.1959,0.016,0.0285,0.0755,0.1482,0.142,1.136,0.256,0.732,0.415,1.338,1.303,1.714,1.178
3340.4,0.5229,0.1426,0.6582,0.0659,0.1958,0.0152,0.0255,0.0733,0.1316,0.142,1.136,0.256,0.732,0.415,1.338,1.303,1.714,1.178
3360.4,0.5209,0.1404,0.6585,0.0649,0.1983,0.0144,0.0226,0.0692,0.1405,0.142,1.136,0.256,0.732,0.415,1.338,1.303,1.714,1.178
3380.4,0.5191,0.1383,0.6574,0.062,0.1995,0.0136,0.0198,0.0698,0.1418,0.142,1.136,0.256,0.732,0.415,1.338,1.303,1.714,1.178
3400.4,0.5173,0.1363,0.6673,0.0611,0.2019,0.0128,0.0173,0.0691,0.1386,0.142,1.136,0.256,0.732,0.415,1.338,1.303,1.714,1.178
3420.4,0.5153,0.1343,0.6652,0.0593,0.2031,0.0121,0.0151,0.0684,0.14,0.142,1.136,0.256,0.732,0.415,1.338,1.303,1.714,1.178
3440.3,0.5136,0.1324,0.6698,0.0576,0.2056,0.0114,0.013,0.0655,0.138,0.142,1.136,0.256,0.732,0.415,1.338,1.303,1.714,1.178
3460.3,0.512,0.1306,0.6628,0.0555,0.2064,0.0107,0.0112,0.063,0.1369,0.142,1.136,0.256,0.732,0.415,1.338,1.303,1.714,1.178
3480.2,0.5105,0.1288,0.6688,0.0546,0.2076,0.0101,0.0096,0.0626,0.1395,0.142,1.136,0.256,0.732,0.415,1.338,1.303,1.714,1.178
3500.1,0.509,0.1271,0.664,0.0527,0.2082,0.0094,0.0082,0.062,0.1353,0.142,1.136,0.256,0.732,0.415,1.338,1.303,1.714,1.178
3520.4,0.5072,0.1255,0.6772,0.0517,0.21,0.0088,0.0069,0.0601,0.1368,0.142,1.136,0.256,0.732,0.415,1.338,1.303,1.714,1.178
3540.2,0.5058,0.1239,0.6802,0.0506,0.2106,0.0083,0.0058,0.0586,0.1353,0.142,1.136,0.256,0.732,0.415,1.338,1.303,1.714,1.178
3560.1,0.5044,0.1223,0.6777,0.0493,0.2121,0.0077,0.0048,0.0574,0.1344,0.142,1.136,0.256,0.732,0.415,1.338,1.303,1.714,1.178
3580.3,0.5028,0.1208,0.6723,0.0487,0.2142,0.0072,0.0039,0.0558,0.1337,0.142,1.136,0.256,0.732,0.415,1.338,1.303,1.714,1.178
3600.1,0.5015,0.1194,0.6776,0.0477,0.215,0.0067,0.0031,0.0547,0.1328,0.142,1.136,0.256,0.732,0.415,1.338,1.303,1.714,1.178
3620.4,0.5002,0.118,0.6824,0.0469,0.2164,0.0062,0.0025,0.0537,0.132,0.142,1.136,0.256,0.732,0.415,1.338,1.303,1.714,1.178
3640.2,0.4989,0.1166,0.6767,0.0462,0.2183,0.0058,0.0019,0.0524,0.131,0.142,1.136,0.256,0.732,0.415,1.338,1.303,1.714,1.178
3660.4,0.4976,0.1152,0.6843,0.0456,0.2191,0.0054,0.0014,0.0516,0.1302,0.142,1.136,0.256,0.732,0.415,1.338,1.303,1.714,1.178
3680.2,0.4964,0.114,0.6864,0.045,0.2209,0.005,0.0009,0.0505,0.1292,0.142,1.136,0.256,0.732,0.415,1.338,1.303,1.714,1.178
3700.4,0.4953,0.1127,0.6819,0.0444,0.2214,0.0046,0.0006,0.0495,0.1282,0.142,1.136,0.256,0.732,0.415,1.338,1.303,1.714,1.178
3720.1,0.4941,0.1114,0.688,0.0439,0.2228,0.0042,0.0004,0.0486,0.1272,0.142,1.136,0.256,0.732,0.415,1.338,1.303,1.714,1.178
3740.3,0.493,0.1102,0.6822,0.0434,0.2237,0.0038,0.0002,0.0477,0.1261,0.142,1.136,0.256,0.732,0.415,1.338,1.303,1.714,1.178
3760.5,0.492,0.109,0.6878,0.0429,0.224,0.0035,0.0001,0.0467,0.125,0.142,1.136,0.256,0.732,0.415,1.338,1.303,1.714,1.178
3780.1,0.491,0.1079,0.6877,0.0424,0.2247,0.0032,0.0001,0.046,0.1239,0.142,1.136,0.256,0.732,0.415,1.338,1.303,1.714,1.178
3800.3,0.4898,0.1067,0.6869,0.0419,0.226,0.0029,0.0001,0.0452,0.1227,0.142,1.136,0.256,0.732,0.415,1.338,1.303,1.714,1.178
3820.4,0.4888,0.1056,0.6895,0.0413,0.2264,0.0026,0.0001,0.0444,0.1215,0.142,1.136,0.256,0.732,0.415,1.338,1.303,1.714,1.178
3840.1,0.4879,0.1045,0.6872,0.0408,0.2273,0.0024,0.0001,0.0437,0.1203,0.142,1.136,0.256,0.732,0.415,1.338,1.303,1.714,1.178
3860.2,0.4871,0.1034,0.6886,0.0403,0.2269,0.0021,0.0001,0.0429,0.1191,0.142,1.136,0.256,0.732,0.415,1.338,1.303,1.714,1.178
3880.3,0.4861,0.1024,0.6881,0.0397,0.2284,0.0019,0.0001,0.0422,0.1178,0.142,1.136,0.256,0.732,0.415,1.338,1.303,1.714,1.178
3900.4,0.4852,0.1013,0.6882,0.0391,0.2302,0.0017,0.0001,0.0415,0.1166,0.142,1.136,0.256,0.732,0.415,1.338,1.303,1.714,1.178
3920.1,0.4842,0.1004,0.6945,0.0385,0.2297,0.0015,0.0001,0.0407,0.1153,0.142,1.136,0.256,0.732,0.415,1.338,1.303,1.714,1.178
3940.2,0.4835,0.0994,0.6966,0.0378,0.2315,0.0013,0.0001,0.04,0.1141,0.142,1.136,0.256,0.732,0.415,1.338,1.303,1.714,1.178
3960.2,0.4828,0.0985,0.6942,0.0372,0.232,0.0011,0.0001,0.0393,0.1129,0.142,1.136,0.256,0.732,0.415,1.338,1.303,1.714,1.178
3980.3,0.4817,0.0976,0.6878,0.0365,0.2332,0.0009,0.0001,0.0386,0.1116,0.142,1.136,0.256,0.732,0.415,1.338,1.303,1.714,1.178
4000.4,0.4809,0.0967,0.6935,0.0359,0.2329,0.0008,0.0001,0.0379,0.1104,0.142,1.136,0.256,0.732,0.415,1.338,1.303,1.714,1.178
4020.5,0.4802,0.0959,0.6967,0.0352,0.2341,0.0006,0.0001,0.0372,0.1092,0.142,1.136,0.256,0.732,0.415,1.338,1.303,1.714,1.178
4040.1,0.4796,0.0951,0.7005,0.0346,0.2344,0.0005,0.0001,0.0365,0.108,0.142,1.136,0.256,0.732,0.415,1.338,1.303,1.714,1.178
4060.1,0.4788,0.0943,0.7008,0.0339,0.2346,0.0004,0.0001,0.0358,0.1068,0.142,1.136,0.256,0.732,0.415,1.338,1.303,1.714,1.178
4080.2,0.4782,0.0935,0.6957,0.0332,0.2356,0.0003,0.0001,0.0351,0.1056,0.142,1.136,0.256,0.732,0.415,1.338,1.303,1.714,1.178
4100.2,0.4775,0.0928,0.6971,0.0325,0.2355,0.0002,0.0001,0.0344,0.1044,0.142,1.136,0.256,0.732,0.415,1.338,1.303,1.714,1.178
4120.2,0.4766,0.092,0.6966,0.0318,0.2356,0.0002,0.0001,0.0337,0.1033,0.142,1.136,0.256,0.732,0.415,1.338,1.303,1.714,1.178
4140.3,0.4762,0.0913,0.6976,0.0311,0.2358,0.0001,0.0001,0.0331,0.1021,0.142,1.136,0.256,0.732,0.415,1.338,1.303,1.714,1.178
4160.3,0.4754,0.0906,0.7005,0.0304,0.2355,0.0001,0.0001,0.0325,0.101,0.142,1.136,0.256,0.732,0.415,1.338,1.303,1.714,1.178
4180.3,0.4747,0.0899,0.7014,0.0297,0.2377,0.0001,0.0001,0.0318,0.0998,0.142,1.136,0.256,0.732,0.415,1.338,1.303,1.714,1.178
4200.3,0.4741,0.0893,0.7,0.029,0.2386,0.0001,0.0001,0.0312,0.0987,0.142,1.136,0.256,0.732,0.415,1.338,1.303,1.714,1.178
4220.3,0.4736,0.0886,0.6997,0.0283,0.2379,0.0001,0.0001,0.0306,0.0975,0.142,1.136,0.256,0.732,0.415,1.338,1.303,1.714,1.178
4240.3,0.4729,0.088,0.7011,0.0276,0.2395,0.0001,0.0001,0.03,0.0964,0.142,1.136,0.256,0.732,0.415,1.338,1.303,1.714,1.178
4260.3,0.4725,0.0874,0.7038,0.0269,0.2398,0.0001,0.0001,0.0294,0.0953,0.142,1.136,0.256,0.732,0.415,1.338,1.303,1.714,1.178
4280.3,0.4717,0.0868,0.7007,0.0262,0.2396,0.0001,0.0001,0.0288,0.0942,0.142,1.136,0.256,0.732,0.415,1.338,1.303,1.714,1.178
4300.3,0.4714,0.0862,0.7058,0.0255,0.2407,0.0001,0.0001,0.0282,0.0932,0.142,1.136,0.256,0.732,0.415,1.338,1.303,1.714,1.178
4320.3,0.4706,0.0856,0.7022,0.0248,0.2402,0.0001,0.0001,0.0276,0.0921,0.142,1.136,0.256,0.732,0.415,1.338,1.303,1.714,1.178
4340.3,0.4702,0.085,0.7097,0.0241,0.2409,0.0001,0.0001,0.027,0.0911,0.142,1.136,0.256,0.732,0.415,1.338,1.303,1.714,1.178
4360.3,0.4696,0.0845,0.7057,0.0234,0.2412,0.0001,0.0001,0.0265,0.09,0.142,1.136,0.256,0.732,0.415,1.338,1.303,1.714,1.178
4380.3,0.4692,0.084,0.7051,0.0227,0.2415,0.0001,0.0001,0.0259,0.089,0.142,1.136,0.256,0.732,0.415,1.338,1.303,1.714,1.178
4400.2,0.4687,0.0835,0.7029,0.022,0.242,0.0001,0.0001,0.0254,0.0881,0.142,1.136,0.256,0.732,0.415,1.338,1.303,1.714,1.178
4420.2,0.4681,0.083,0.7069,0.0213,0.2418,0.0001,0.0001,0.0248,0.0871,0.142,1.136,0.256,0.732,0.415,1.338,1.303,1.714,1.178
4440.2,0.4677,0.0825,0.7032,0.0206,0.2417,0.0001,0.0001,0.0243,0.0862,0.142,1.136,0.256,0.732,0.415,1.338,1.303,1.714,1.178
4460.1,0.4671,0.082,0.7046,0.0199,0.2428,0.0001,0.0001,0.0238,0.0852,0.142,1.136,0.256,0.732,0.415,1.338,1.303,1.714,1.178
4480.1,0.4667,0.0815,0.7076,0.0193,0.2429,0.0001,0.0001,0.0233,0.0843,0.142,1.136,0.256,0.732,0.415,1.338,1.303,1.714,1.178
4500.1,0.4663,0.0811,0.7047,0.0186,0.2429,0.0001,0.0001,0.0228,0.0834,0.142,1.136,0.256,0.732,0.415,1.338,1.303,1.714,1.178
4520.0,0.4658,0.0806,0.6971,0.0179,0.243,0.0001,0.0001,0.0223,0.0826,0.142,1.136,0.256,0.732,0.415,1.338,1.303,1.714,1.178
4540.4,0.4653,0.0802,0.7067,0.0173,0.2437,0.0001,0.0001,0.0219,0.0817,0.142,1.136,0.256,0.732,0.415,1.338,1.303,1.714,1.178
4560.4,0.465,0.0798,0.7101,0.0166,0.2442,0.0001,0.0001,0.0214,0.0809,0.142,1.136,0.256,0.732,0.415,1.338,1.303,1.714,1.178
4580.3,0.4646,0.0794,0.7073,0.016,0.2439,0.0001,0.0001,0.0209,0.08,0.142,1.136,0.256,0.732,0.415,1.338,1.303,1.714,1.178
4600.3,0.4641,0.079,0.7047,0.0154,0.2447,0.0001,0.0001,0.0205,0.0792,0.142,1.136,0.256,0.732,0.415,1.338,1.303,1.714,1.178
4620.2,0.4637,0.0786,0.707,0.0147,0.2448,0.0001,0.0001,0.02,0.0785,0.142,1.136,0.256,0.732,0.415,1.338,1.303,1.714,1.178
4640.2,0.4632,0.0782,0.7065,0.0141,0.2449,0.0001,0.0001,0.0196,0.0777,0.142,1.136,0.256,0.732,0.415,1.338,1.303,1.714,1.178
4660.1,0.463,0.0778,0.7075,0.0135,0.2453,0.0001,0.0001,0.0192,0.0769,0.142,1.136,0.256,0.732,0.415,1.338,1.303,1.714,1.178
4680.0,0.4624,0.0774,0.7087,0.0129,0.2457,0.0001,0.0001,0.0188,0.0762,0.142,1.136,0.256,0.732,0.415,1.338,1.303,1.714,1.178
4700.4,0.4621,0.0771,0.7099,0.0123,0.2458,0.0001,0.0001,0.0184,0.0755,0.142,1.136,0.256,0.732,0.415,1.338,1.303,1.714,1.178
4720.4,0.4617,0.0767,0.7092,0.0117,0.2465,0.0001,0.0001,0.0181,0.0748,0.142,1.136,0.256,0.732,0.415,1.338,1.303,1.714,1.178
4740.3,0.4614,0.0764,0.7108,0.0111,0.246,0.0001,0.0001,0.0177,0.0741,0.142,1.136,0.256,0.732,0.415,1.338,1.303,1.714,1.178
4760.2,0.4609,0.076,0.706,0.0106,0.2463,0.0001,0.0001,0.0174,0.0734,0.142,1.136,0.256,0.732,0.415,1.338,1.303,1.714,1.178
4780.1,0.4607,0.0757,0.7048,0.01,0.2466,0.0001,0.0001,0.017,0.0727,0.142,1.136,0.256,0.732,0.415,1.338,1.303,1.714,1.178
4800.1,0.4602,0.0754,0.7114,0.0095,0.2462,0.0001,0.0001,0.0167,0.0721,0.142,1.136,0.256,0.732,0.415,1.338,1.303,1.714,1.178
4820.4,0.4599,0.075,0.7084,0.0089,0.2473,0.0001,0.0001,0.0164,0.0714,0.142,1.136,0.256,0.732,0.415,1.338,1.303,1.714,1.178
4840.4,0.4597,0.0747,0.7098,0.0084,0.2474,0.0001,0.0001,0.0161,0.0708,0.142,1.136,0.256,0.732,0.415,1.338,1.303,1.714,1.178
4860.3,0.4591,0.0744,0.7083,0.0078,0.2474,0.0001,0.0001,0.0158,0.0702,0.142,1.136,0.256,0.732,0.415,1.338,1.303,1.714,1.178
4880.2,0.4588,0.0741,0.7114,0.0073,0.2469,0.0001,0.0001,0.0156,0.0695,0.142,1.136,0.256,0.732,0.415,1.338,1.303,1.714,1.178
4900.1,0.4586,0.0738,0.7078,0.0068,0.2474,0.0001,0.0001,0.0153,0.069,0.142,1.136,0.256,0.732,0.415,1.338,1.303,1.714,1.178
4920.0,0.4582,0.0735,0.7087,0.0063,0.2479,0.0001,0.0001,0.015,0.0684,0.142,1.136,0.256,0.732,0.415,1.338,1.303,1.714,1.178
4940.4,0.4579,0.0732,0.7085,0.0058,0.2474,0.0001,0.0001,0.0148,0.0678,0.142,1.136,0.256,0.732,0.415,1.338,1.303,1.714,1.178
4960.3,0.4575,0.073,0.708,0.0054,0.2487,0.0001,0.0001,0.0146,0.0673,0.142,1.136,0.256,0.732,0.415,1.338,1.303,1.714,1.178
4980.2,0.4572,0.0727,0.7105,0.0049,0.248,0.0001,0.0001,0.0143,0.0667,0.142,1.136,0.256,0.732,0.415,1.338,1.303,1.714,1.178
5000.1,0.457,0.0724,0.705,0.0045,0.2482,0.0001,0.0001,0.0141,0.0662,0.142,1.136,0.256,0.732,0.415,1.338,1.303,1.714,1.178
5020.0,0.4565,0.0722,0.7088,0.004,0.2482,0.0001,0.0001,0.0139,0.0657,0.142,1.136,0.256,0.732,0.415,1.338,1.303,1.714,1.178
5040.4,0.4564,0.0719,0.7086,0.0036,0.2483,0.0001,0.0001,0.0137,0.0652,0.142,1.136,0.256,0.732,0.415,1.338,1.303,1.714,1.178
5060.3,0.456,0.0717,0.7116,0.0032,0.2487,0.0001,0.0001,0.0135,0.0647,0.142,1.136,0.256,0.732,0.415,1.338,1.303,1.714,1.178
5080.2,0.4557,0.0715,0.714,0.0028,0.2483,0.0001,0.0001,0.0133,0.0642,0.142,1.136,0.256,0.732,0.415,1.338,1.303,1.714,1.178
5100.1,0.4554,0.0712,0.7149,0.0025,0.2488,0.0001,0.0001,0.0131,0.0637,0.142,1.136,0.256,0.732,0.415,1.338,1.303,1.714,1.178
5120.4,0.455,0.071,0.7105,0.0021,0.2484,0.0001,0.0001,0.0129,0.0632,0.142,1.136,0.256,0.732,0.415,1.338,1.303,1.714,1.178
5140.3,0.4548,0.0708,0.7099,0.0018,0.2487,0.0001,0.0001,0.0127,0.0627,0.142,1.136,0.256,0.732,0.415,1.338,1.303,1.714,1.178
5160.2,0.4546,0.0706,0.7177,0.0015,0.2487,0.0001,0.0001,0.0125,0.0623,0.142,1.136,0.256,0.732,0.415,1.338,1.303,1.714,1.178
5180.1,0.4543,0.0704,0.7079,0.0012,0.2492,0.0001,0.0001,0.0124,0.0618,0.142,1.136,0.256,0.732,0.415,1.338,1.303,1.714,1.178
5200.4,0.454,0.0701,0.7163,0.0009,0.2489,0.0001,0.0001,0.0122,0.0614,0.142,1.136,0.256,0.732,0.415,1.338,1.303,1.714,1.178
5220.3,0.4537,0.0699,0.7104,0.0007,0.2498,0.0001,0.0001,0.012,0.061,0.142,1.136,0.256,0.732,0.415,1.338,1.303,1.714,1.178
5240.2,0.4536,0.0697,0.712,0.0006,0.2494,0.0001,0.0001,0.0119,0.0605,0.142,1.136,0.256,0.732,0.415,1.338,1.303,1.714,1.178
5260.1,0.453,0.0696,0.7157,0.0004,0.2488,0.0001,0.0001,0.0117,0.0601,0.142,1.136,0.256,0.732,0.415,1.338,1.303,1.714,1.178
5280.0,0.4529,0.0694,0.7111,0.0003,0.2498,0.0001,0.0001,0.0115,0.0597,0.142,1.136,0.256,0.732,0.415,1.338,1.303,1.714,1.178
5300.3,0.4527,0.0692,0.7134,0.0003,0.2497,0.0001,0.0001,0.0114,0.0593,0.142,1.136,0.256,0.732,0.415,1.338,1.303,1.714,1.178
5320.2,0.4523,0.069,0.7111,0.0002,0.2501,0.0001,0.0001,0.0112,0.0589,0.142,1.136,0.256,0.732,0.415,1.338,1.303,1.714,1.178
5340.1,0.4522,0.0688,0.7122,0.0002,0.2498,0.0001,0.0001,0.0111,0.0586,0.142,1.136,0.256,0.732,0.415,1.338,1.303,1.714,1.178
5360.5,0.452,0.0686,0.71,0.0002,0.2495,0.0001,0.0001,0.0109,0.0582,0.142,1.136,0.256,0.732,0.415,1.338,1.303,1.714,1.178
5380.3,0.4516,0.0685,0.7176,0.0001,0.2499,0.0001,0.0001,0.0108,0.0578,0.142,1.136,0.256,0.732,0.415,1.338,1.303,1.714,1.178
5400.2,0.4514,0.0683,0.7106,0.0001,0.2507,0.0001,0.0001,0.0107,0.0574,0.142,1.136,0.256,0.732,0.415,1.338,1.303,1.714,1.178
5420.1,0.4513,0.0681,0.7143,0.0001,0.2501,0.0001,0.0001,0.0105,0.0571,0.142,1.136,0.256,0.732,0.415,1.338,1.303,1.714,1.178
5440.4,0.451,0.0679,0.7123,0.0001,0.2503,0.0001,0.0001,0.0104,0.0567,0.142,1.136,0.256,0.732,0.415,1.338,1.303,1.714,1.178
5460.3,0.4506,0.0678,0.7143,0.0001,0.2507,0.0001,0.0001,0.0103,0.0564,0.142,1.136,0.256,0.732,0.415,1.338,1.303,1.714,1.178
5480.2,0.4505,0.0676,0.7154,0.0001,0.2519,0.0001,0.0001,0.0102,0.056,0.142,1.136,0.256,0.732,0.415,1.338,1.303,1.714,1.178
5500.0,0.4503,0.0675,0.7133,0.0001,0.2516,0.0001,0.0001,0.01,0.0557,0.142,1.136,0.256,0.732,0.415,1.338,1.303,1.714,1.178
5520.4,0.45,0.0673,0.7114,0.0001,0.2518,0.0001,0.0001,0.0099,0.0553,0.142,1.136,0.256,0.732,0.415,1.338,1.303,1.714,1.178
5540.2,0.4498,0.0672,0.7112,0.0001,0.2513,0.0001,0.0001,0.0098,0.055,0.142,1.136,0.256,0.732,0.415,1.338,1.303,1.714,1.178
5560.1,0.4496,0.067,0.7128,0.0001,0.2519,0.0001,0.0001,0.0097,0.0547,0.142,1.136,0.256,0.732,0.415,1.338,1.303,1.714,1.178
5580.5,0.4495,0.0669,0.711,0.0001,0.2504,0.0001,0.0001,0.0096,0.0544,0.142,1.136,0.256,0.732,0.415,1.338,1.303,1.714,1.178
5600.3,0.4491,0.0667,0.7157,0.0001,0.2515,0.0001,0.0001,0.0095,0.054,0.142,1.136,0.256,0.732,0.415,1.338,1.303,1.714,1.178
5620.2,0.4489,0.0666,0.7147,0.0001,0.2513,0.0001,0.0001,0.0094,0.0537,0.142,1.136,0.256,0.732,0.415,1.338,1.303,1.714,1.178
5640.1,0.4489,0.0664,0.7113,0.0001,0.2508,0.0001,0.0001,0.0093,0.0534,0.142,1.136,0.256,0.732,0.415,1.338,1.303,1.714,1.178
5660.4,0.4487,0.0663,0.714,0.0001,0.2515,0.0001,0.0001,0.0092,0.0531,0.142,1.136,0.256,0.732,0.415,1.338,1.303,1.714,1.178
5680.2,0.4484,0.0662,0.7126,0.0001,0.2519,0.0001,0.0001,0.0091,0.0528,0.142,1.136,0.256,0.732,0.415,1.338,1.303,1.714,1.178
5700.1,0.4481,0.066,0.7113,0.0001,0.2516,0.0001,0.0001,0.009,0.0525,0.142,1.136,0.256,0.732,0.415,1.338,1.303,1.714,1.178
5720.4,0.448,0.0659,0.7119,0.0001,0.2517,0.0001,0.0001,0.0089,0.0522,0.142,1.136,0.256,0.732,0.415,1.338,1.303,1.714,1.178
5740.3,0.4478,0.0658,0.7155,0.0001,0.2526,0.0001,0.0001,0.0088,0.052,0.142,1.136,0.256,0.732,0.415,1.338,1.303,1.714,1.178
5760.2,0.4475,0.0656,0.7109,0.0001,0.2518,0.0001,0.0001,0.0087,0.0517,0.142,1.136,0.256,0.732,0.415,1.338,1.303,1.714,1.178
5780.0,0.4474,0.0655,0.7187,0.0001,0.2515,0.0001,0.0001,0.0086,0.0514,0.142,1.136,0.256,0.732,0.415,1.338,1.303,1.714,1.178
5800.3,0.4473,0.0654,0.7194,0.0001,0.2528,0.0001,0.0001,0.0085,0.0511,0.142,1.136,0.256,0.732,0.415,1.338,1.303,1.714,1.178
5820.2,0.4472,0.0653,0.7133,0.0001,0.252,0.0001,0.0001,0.0084,0.0509,0.142,1.136,0.256,0.732,0.415,1.338,1.303,1.714,1.178
5840.1,0.4469,0.0651,0.7141,0.0001,0.2525,0.0001,0.0001,0.0083,0.0506,0.142,1.136,0.256,0.732,0.415,1.338,1.303,1.714,1.178
5860.4,0.4465,0.065,0.7179,0.0001,0.2524,0.0001,0.0001,0.0083,0.0504,0.142,1.136,0.256,0.732,0.415,1.338,1.303,1.714,1.178
5880.2,0.4465,0.0649,0.7189,0.0001,0.2529,0.0001,0.0001,0.0082,0.0501,0.142,1.136,0.256,0.732,0.415,1.338,1.303,1.714,1.178
5900.1,0.4464,0.0648,0.7167,0.0001,0.2528,0.0001,0.0001,0.0081,0.0499,0.142,1.136,0.256,0.732,0.415,1.338,1.303,1.714,1.178
5920.4,0.4463,0.0647,0.718,0.0001,0.2523,0.0001,0.0001,0.008,0.0496,0.142,1.136,0.256,0.732,0.415,1.338,1.303,1.714,1.178
5940.3,0.4459,0.0646,0.7112,0.0001,0.2527,0.0001,0.0001,0.0079,0.0494,0.142,1.136,0.256,0.732,0.415,1.338,1.303,1.714,1.178
5960.1,0.4458,0.0644,0.7147,0.0001,0.253,0.0001,0.0001,0.0079,0.0492,0.142,1.136,0.256,0.732,0.415,1.338,1.303,1.714,1.178
5980.4,0.4457,0.0643,0.7155,0.0001,0.2525,0.0001,0.0001,0.0078,0.0489,0.142,1.136,0.256,0.732,0.415,1.338,1.303,1.714,1.178
6000.3,0.4457,0.0642,0.7167,0.0001,0.2526,0.0001,0.0001,0.0077,0.0487,0.142,1.136,0.256,0.732,0.415,1.338,1.303,1.714,1.178
6020.2,0.4454,0.0641,0.7156,0.0001,0.2534,0.0001,0.0001,0.0076,0.0485,0.142,1.136,0.256,0.732,0.415,1.338,1.303,1.714,1.178
6040.0,0.4452,0.064,0.7139,0.0001,0.2531,0.0001,0.0001,0.0076,0.0483,0.142,1.136,0.256,0.732,0.415,1.338,1.303,1.714,1.178
6060.3,0.445,0.0639,0.7154,0.0001,0.2525,0.0001,0.0001,0.0075,0.048,0.142,1.136,0.256,0.732,0.415,1.338,1.303,1.714,1.178
6080.2,0.4449,0.0638,0.7128,0.0001,0.2527,0.0001,0.0001,0.0074,0.0478,0.142,1.136,0.256,0.732,0.415,1.338,1.303,1.714,1.178
6100.0,0.4447,0.0637,0.7193,0.0001,0.2539,0.0001,0.0001,0.0074,0.0476,0.142,1.136,0.256,0.732,0.415,1.338,1.303,1.714,1.178
6120.3,0.4446,0.0636,0.7146,0.0001,0.2532,0.0001,0.0001,0.0073,0.0474,0.142,1.136,0.256,0.732,0.415,1.338,1.303,1.714,1.178
6140.2,0.4444,0.0635,0.7181,0.0001,0.2532,0.0001,0.0001,0.0072,0.0472,0.142,1.136,0.256,0.732,0.415,1.338,1.303,1.714,1.178
6160.0,0.4442,0.0634,0.7143,0.0001,0.2535,0.0001,0.0001,0.0072,0.047,0.142,1.136,0.256,0.732,0.415,1.338,1.303,1.714,1.178
6180.3,0.4442,0.0633,0.7144,0.0001,0.2541,0.0001,0.0001,0.0071,0.0468,0.142,1.136,0.256,0.732,0.415,1.338,1.303,1.714,1.178
6200.2,0.4441,0.0632,0.7143,0.0001,0.2527,0.0001,0.0001,0.0071,0.0466,0.142,1.136,0.256,0.732,0.415,1.338,1.303,1.714,1.178
6220.0,0.4439,0.0631,0.7196,0.0001,0.2533,0.0001,0.0001,0.007,0.0464,0.142,1.136,0.256,0.732,0.415,1.338,1.303,1.714,1.178
6240.3,0.4437,0.063,0.7172,0.0001,0.2536,0.0001,0.0001,0.0069,0.0462,0.142,1.136,0.256,0.732,0.415,1.338,1.303,1.714,1.178
6260.2,0.4434,0.0629,0.714,0.0001,0.2541,0.0001,0.0001,0.0069,0.0461,0.142,1.136,0.256,0.732,0.415,1.338,1.303,1.714,1.178
6280.0,0.4433,0.0629,0.7153,0.0001,0.2537,0.0001,0.0001,0.0068,0.0459,0.142,1.136,0.256,0.732,0.415,1.338,1.303,1.714,1.178
6300.3,0.4433,0.0628,0.7174,0.0001,0.2538,0.0001,0.0001,0.0068,0.0457,0.142,1.136,0.256,0.732,0.415,1.338,1.303,1.714,1.178
6320.2,0.4431,0.0627,0.714,0.0001,0.2538,0.0001,0.0001,0.0067,0.0455,0.142,1.136,0.256,0.732,0.415,1.338,1.303,1.714,1.178
6340.0,0.4431,0.0626,0.7191,0.0001,0.2541,0.0001,0.0001,0.0067,0.0454,0.142,1.136,0.256,0.732,0.415,1.338,1.303,1.714,1.178
6360.3,0.4428,0.0625,0.718,0.0001,0.254,0.0001,0.0001,0.0066,0.0452,0.142,1.136,0.256,0.732,0.415,1.338,1.303,1.714,1.178
6380.2,0.4427,0.0624,0.7165,0.0001,0.2534,0.0001,0.0001,0.0066,0.045,0.142,1.136,0.256,0.732,0.415,1.338,1.303,1.714,1.178
6400.5,0.4427,0.0623,0.7189,0.0001,0.2554,0.0001,0.0001,0.0065,0.0449,0.142,1.136,0.256,0.732,0.415,1.338,1.303,1.714,1.178
6420.3,0.4425,0.0622,0.7132,0.0001,0.2543,0.0001,0.0001,0.0065,0.0447,0.142,1.136,0.256,0.732,0.415,1.338,1.303,1.714,1.178
6440.1,0.4423,0.0622,0.7193,0.0001,0.254,0.0001,0.0001,0.0064,0.0446,0.142,1.136,0.256,0.732,0.415,1.338,1.303,1.714,1.178
6460.4,0.4423,0.0621,0.7154,0.0001,0.2543,0.0001,0.0001,0.0064,0.0444,0.142,1.136,0.256,0.732,0.415,1.338,1.303,1.714,1.178
6480.3,0.442,0.062,0.7209,0.0001,0.2544,0.0001,0.0001,0.0063,0.0443,0.142,1.136,0.256,0.732,0.415,1.338,1.303,1.714,1.178
6500.1,0.4419,0.0619,0.7139,0.0001,0.2539,0.0001,0.0001,0.0063,0.0441,0.142,1.136,0.256,0.732,0.415,1.338,1.303,1.714,1.178
6520.4,0.4417,0.0618,0.7159,0.0001,0.2539,0.0001,0.0001,0.0062,0.044,0.142,1.136,0.256,0.732,0.415,1.338,1.303,1.714,1.178
6540.2,0.4416,0.0617,0.7157,0.0001,0.255,0.0001,0.0001,0.0062,0.0438,0.142,1.136,0.256,0.732,0.415,1.338,1.303,1.714,1.178
6560.1,0.4416,0.0617,0.7202,0.0001,0.2547,0.0001,0.0001,0.0062,0.0437,0.142,1.136,0.256,0.732,0.415,1.338,1.303,1.714,1.178
6580.4,0.4415,0.0616,0.7147,0.0001,0.2547,0.0001,0.0001,0.0061,0.0435,0.142,1.136,0.256,0.732,0.415,1.338,1.303,1.714,1.178
6600.2,0.4414,0.0615,0.7155,0.0001,0.2545,0.0001,0.0001,0.0061,0.0434,0.142,1.136,0.256,0.732,0.415,1.338,1.303,1.714,1.178
6620.0,0.4411,0.0614,0.7156,0.0001,0.254,0.0001,0.0001,0.006,0.0433,0.142,1.136,0.256,0.732,0.415,1.338,1.303,1.714,1.178
6640.3,0.4411,0.0614,0.7166,0.0001,0.2546,0.0001,0.0001,0.006,0.0431,0.142,1.136,0.256,0.732,0.415,1.338,1.303,1.714,1.178
6660.2,0.4409,0.0613,0.7169,0.0001,0.2551,0.0001,0.0001,0.006,0.043,0.142,1.136,0.256,0.732,0.415,1.338,1.303,1.714,1.178
6680.0,0.4407,0.0612,0.7145,0.0001,0.2547,0.0001,0.0001,0.0059,0.0429,0.142,1.136,0.256,0.732,0.415,1.338,1.303,1.714,1.178
6700.3,0.4408,0.0611,0.7193,0.0001,0.2551,0.0001,0.0001,0.0059,0.0427,0.142,1.136,0.256,0.732,0.415,1.338,1.303,1.714,1.178
6720.1,0.4407,0.0611,0.7178,0.0001,0.2556,0.0001,0.0001,0.0058,0.0426,0.142,1.136,0.256,0.732,0.415,1.338,1.303,1.714,1.178
6740.4,0.4405,0.061,0.7198,0.0001,0.2548,0.0001,0.0001,0.0058,0.0425,0.142,1.136,0.256,0.732,0.415,1.338,1.303,1.714,1.178
6760.2,0.4404,0.0609,0.7174,0.0001,0.2544,0.0001,0.0001,0.0058,0.0424,0.142,1.136,0.256,0.732,0.415,1.338,1.303,1.714,1.178
6780.1,0.4404,0.0608,0.7159,0.0001,0.2551,0.0001,0.0001,0.0057,0.0423,0.142,1.136,0.256,0.732,0.415,1.338,1.303,1.714,1.178
6800.4,0.4402,0.0608,0.7147,0.0001,0.2547,0.0001,0.0001,0.0057,0.0421,0.142,1.136,0.256,0.732,0.415,1.338,1.303,1.714,1.178
6820.2,0.4401,0.0607,0.7159,0.0001,0.2553,0.0001,0.0001,0.0056,0.042,0.142,1.136,0.256,0.732,0.415,1.338,1.303,1.714,1.178
6840.0,0.4401,0.0606,0.7193,0.0001,0.2553,0.0001,0.0001,0.0056,0.0419,0.142,1.136,0.256,0.732,0.415,1.338,1.303,1.714,1.178
6860.3,0.4399,0.0606,0.7211,0.0001,0.2554,0.0001,0.0001,0.0056,0.0418,0.142,1.136,0.256,0.732,0.415,1.338,1.303,1.714,1.178
6880.1,0.4399,0.0605,0.717,0.0001,0.2546,0.0001,0.0001,0.0055,0.0417,0.142,1.136,0.256,0.732,0.415,1.338,1.303,1.714,1.178
6900.4,0.4397,0.0604,0.7179,0.0001,0.255,0.0001,0.0001,0.0055,0.0416,0.142,1.136,0.256,0.732,0.415,1.338,1.303,1.714,1.178
6920.3,0.4395,0.0604,0.7197,0.0001,0.2553,0.0001,0.0001,0.0055,0.0415,0.142,1.136,0.256,0.732,0.415,1.338,1.303,1.714,1.178
6940.1,0.4394,0.0603,0.7188,0.0001,0.2554,0.0001,0.0001,0.0054,0.0414,0.142,1.136,0.256,0.732,0.415,1.338,1.303,1.714,1.178
6960.4,0.4394,0.0602,0.721,0.0001,0.2551,0.0001,0.0001,0.0054,0.0413,0.142,1.136,0.256,0.732,0.415,1.338,1.303,1.714,1.178
6980.2,0.4392,0.0602,0.7205,0.0001,0.2552,0.0001,0.0001,0.0054,0.0412,0.142,1.136,0.256,0.732,0.415,1.338,1.303,1.714,1.178
7000.0,0.4391,0.0601,0.7185,0.0001,0.2554,0.0001,0.0001,0.0054,0.0411,0.142,1.136,0.256,0.732,0.415,1.338,1.303,1.714,1.178
7020.3,0.4391,0.06,0.7184,0.0001,0.2555,0.0001,0.0001,0.0053,0.041,0.142,1.136,0.256,0.732,0.415,1.338,1.303,1.714,1.178
7040.1,0.439,0.06,0.7187,0.0001,0.2556,0.0001,0.0001,0.0053,0.0409,0.142,1.136,0.256,0.732,0.415,1.338,1.303,1.714,1.178
7060.4,0.4388,0.0599,0.718,0.0001,0.2556,0.0001,0.0001,0.0053,0.0408,0.142,1.136,0.256,0.732,0.415,1.338,1.303,1.714,1.178
7080.2,0.4387,0.0598,0.7184,0.0001,0.2552,0.0001,0.0001,0.0052,0.0407,0.142,1.136,0.256,0.732,0.415,1.338,1.303,1.714,1.178
7100.1,0.4387,0.0598,0.7205,0.0001,0.2555,0.0001,0.0001,0.0052,0.0406,0.142,1.136,0.256,0.732,0.415,1.338,1.303,1.714,1.178
7120.4,0.4385,0.0597,0.7219,0.0001,0.2553,0.0001,0.0001,0.0052,0.0405,0.142,1.136,0.256,0.732,0.415,1.338,1.303,1.714,1.178
7140.2,0.4384,0.0596,0.7194,0.0001,0.2556,0.0001,0.0001,0.0051,0.0404,0.142,1.136,0.256,0.732,0.415,1.338,1.303,1.714,1.178
7160.0,0.4384,0.0596,0.7192,0.0001,0.2556,0.0001,0.0001,0.0051,0.0403,0.142,1.136,0.256,0.732,0.415,1.338,1.303,1.714,1.178
7180.3,0.4383,0.0595,0.7204,0.0001,0.2557,0.0001,0.0001,0.0051,0.0402,0.142,1.136,0.256,0.732,0.415,1.338,1.303,1.714,1.178
7200.1,0.4382,0.0595,0.72,0.0001,0.2554,0.0001,0.0001,0.0051,0.0401,0.142,1.136,0.256,0.732,0.415,1.338,1.303,1.714,1.178
7220.4,0.4382,0.0594,0.7191,0.0001,0.2555,0.0001,0.0001,0.005,0.04,0.142,1.136,0.256,0.732,0.415,1.338,1.303,1.714,1.178
7240.2,0.438,0.0593,0.7173,0.0001,0.2555,0.0001,0.0001,0.005,0.04,0.142,1.136,0.256,0.732,0.415,1.338,1.303,1.714,1.178
7260.0,0.4379,0.0593,0.7202,0.0001,0.2554,0.0001,0.0001,0.005,0.0399,0.142,1.136,0.256,0.732,0.415,1.338,1.303,1.714,1.178
7280.3,0.4378,0.0592,0.7162,0.0001,0.2554,0.0001,0.0001,0.005,0.0398,0.142,1.136,0.256,0.732,0.415,1.338,1.303,1.714,1.178
7300.1,0.4378,0.0592,0.7169,0.0001,0.2562,0.0001,0.0001,0.0049,0.0397,0.142,1.136,0.256,0.732,0.415,1.338,1.303,1.714,1.178
7320.4,0.4376,0.0591,0.7156,0.0001,0.2561,0.0001,0.0001,0.0049,0.0396,0.142,1.136,0.256,0.732,0.415,1.338,1.303,1.714,1.178
7340.3,0.4375,0.059,0.7201,0.0001,0.2554,0.0001,0.0001,0.0049,0.0395,0.142,1.136,0.256,0.732,0.415,1.338,1.303,1.714,1.178
7360.1,0.4375,0.059,0.7191,0.0001,0.2554,0.0001,0.0001,0.0049,0.0395,0.142,1.136,0.256,0.732,0.415,1.338,1.303,1.714,1.178
7380.4,0.4375,0.0589,0.7173,0.0001,0.2557,0.0001,0.0001,0.0048,0.0394,0.142,1.136,0.256,0.732,0.415,1.338,1.303,1.714,1.178
7400.2,0.4374,0.0589,0.7126,0.0001,0.2555,0.0001,0.0001,0.0048,0.0393,0.142,1.136,0.256,0.732,0.415,1.338,1.303,1.714,1.178
7420.0,0.4373,0.0588,0.7197,0.0001,0.2555,0.0001,0.0001,0.0048,0.0392,0.142,1.136,0.256,0.732,0.415,1.338,1.303,1.714,1.178
7440.3,0.4373,0.0588,0.7177,0.0001,0.2563,0.0001,0.0001,0.0048,0.0391,0.142,1.136,0.256,0.732,0.415,1.338,1.303,1.714,1.178
7460.1,0.4372,0.0587,0.7207,0.0001,0.2555,0.0001,0.0001,0.0047,0.0391,0.142,1.136,0.256,0.732,0.415,1.338,1.303,1.714,1.178
7480.4,0.437,0.0586,0.7201,0.0001,0.2555,0.0001,0.0001,0.0047,0.039,0.142,1.136,0.256,0.732,0.415,1.338,1.303,1.714,1.178
7500.2,0.4369,0.0586,0.7185,0.0001,0.2559,0.0001,0.0001,0.0047,0.0389,0.142,1.136,0.256,0.732,0.415,1.338,1.303,1.714,1.178
7520.0,0.4369,0.0585,0.7178,0.0001,0.256,0.0001,0.0001,0.0047,0.0388,0.142,1.136,0.256,0.732,0.415,1.338,1.303,1.714,1.178
7540.3,0.4367,0.0585,0.7161,0.0001,0.2557,0.0001,0.0001,0.0047,0.0388,0.142,1.136,0.256,0.732,0.415,1.338,1.303,1.714,1.178
7560.1,0.4367,0.0584,0.713,0.0001,0.2561,0.0001,0.0001,0.0046,0.0387,0.142,1.136,0.256,0.732,0.415,1.338,1.303,1.714,1.178
7580.4,0.4366,0.0584,0.7156,0.0001,0.2561,0.0001,0.0001,0.0046,0.0386,0.142,1.136,0.256,0.732,0.415,1.338,1.303,1.714,1.178
7600.2,0.4366,0.0583,0.7174,0.0001,0.2557,0.0001,0.0001,0.0046,0.0386,0.142,1.136,0.256,0.732,0.415,1.338,1.303,1.714,1.178
7620.1,0.4365,0.0583,0.7204,0.0001,0.2558,0.0001,0.0001,0.0046,0.0385,0.142,1.136,0.256,0.732,0.415,1.338,1.303,1.714,1.178
7640.3,0.4364,0.0582,0.7175,0.0001,0.2564,0.0001,0.0001,0.0046,0.0384,0.142,1.136,0.256,0.732,0.415,1.338,1.303,1.714,1.178
7660.1,0.4364,0.0582,0.7185,0.0001,0.2566,0.0001,0.0001,0.0045,0.0384,0.142,1.136,0.256,0.732,0.415,1.338,1.303,1.714,1.178
7680.4,0.4363,0.0581,0.7188,0.0001,0.2557,0.0001,0.0001,0.0045,0.0383,0.142,1.136,0.256,0.732,0.415,1.338,1.303,1.714,1.178
7700.2,0.4361,0.0581,0.7165,0.0001,0.2557,0.0001,0.0001,0.0045,0.0382,0.142,1.136,0.256,0.732,0.415,1.338,1.303,1.714,1.178
7720.1,0.4362,0.058,0.7207,0.0001,0.2563,0.0001,0.0001,0.0045,0.0382,0.142,1.136,0.256,0.732,0.415,1.338,1.303,1.714,1.178
7740.3,0.4361,0.058,0.7184,0.0001,0.2562,0.0001,0.0001,0.0045,0.0381,0.142,1.136,0.256,0.732,0.415,1.338,1.303,1.714,1.178
7760.2,0.4359,0.0579,0.7184,0.0001,0.2558,0.0001,0.0001,0.0044,0.038,0.142,1.136,0.256,0.732,0.415,1.338,1.303,1.714,1.178
7780.4,0.4358,0.0579,0.7176,0.0001,0.2567,0.0001,0.0001,0.0044,0.038,0.142,1.136,0.256,0.732,0.415,1.338,1.303,1.714,1.178
7800.3,0.4357,0.0578,0.7159,0.0001,0.2566,0.0001,0.0001,0.0044,0.0379,0.142,1.136,0.256,0.732,0.415,1.338,1.303,1.714,1.178
7820.1,0.4357,0.0578,0.7202,0.0001,0.256,0.0001,0.0001,0.0044,0.0378,0.142,1.136,0.256,0.732,0.415,1.338,1.303,1.714,1.178
7840.4,0.4356,0.0577,0.7158,0.0001,0.2565,0.0001,0.0001,0.0044,0.0378,0.142,1.136,0.256,0.732,0.415,1.338,1.303,1.714,1.178
7860.2,0.4356,0.0577,0.7213,0.0001,0.2562,0.0001,0.0001,0.0043,0.0377,0.142,1.136,0.256,0.732,0.415,1.338,1.303,1.714,1.178
7880.4,0.4356,0.0576,0.7206,0.0001,0.257,0.0001,0.0001,0.0043,0.0377,0.142,1.136,0.256,0.732,0.415,1.338,1.303,1.714,1.178
7900.3,0.4355,0.0576,0.72,0.0001,0.2567,0.0001,0.0001,0.0043,0.0376,0.142,1.136,0.256,0.732,0.415,1.338,1.303,1.714,1.178
7920.1,0.4355,0.0575,0.7209,0.0001,0.2567,0.0001,0.0001,0.0043,0.0375,0.142,1.136,0.256,0.732,0.415,1.338,1.303,1.714,1.178
7940.4,0.4354,0.0575,0.7189,0.0001,0.2561,0.0001,0.0001,0.0043,0.0375,0.142,1.136,0.256,0.732,0.415,1.338,1.303,1.714,1.178
7960.2,0.4353,0.0574,0.7177,0.0001,0.2567,0.0001,0.0001,0.0043,0.0374,0.142,1.136,0.256,0.732,0.415,1.338,1.303,1.714,1.178
7980.5,0.4353,0.0574,0.7193,0.0001,0.2569,0.0001,0.0001,0.0042,0.0374,0.142,1.136,0.256,0.732,0.415,1.338,1.303,1.714,1.178
8000.3,0.4352,0.0573,0.7177,0.0001,0.2569,0.0001,0.0001,0.0042,0.0373,0.142,1.136,0.256,0.732,0.415,1.338,1.303,1.714,1.178
8020.1,0.435,0.0573,0.7237,0.0001,0.2566,0.0001,0.0001,0.0042,0.0373,0.142,1.136,0.256,0.732,0.415,1.338,1.303,1.714,1.178
8040.3,0.435,0.0572,0.7205,0.0001,0.2565,0.0001,0.0001,0.0042,0.0372,0.142,1.136,0.256,0.732,0.415,1.338,1.303,1.714,1.178
8060.2,0.4351,0.0572,0.7176,0.0001,0.2566,0.0001,0.0001,0.0042,0.0371,0.142,1.136,0.256,0.732,0.415,1.338,1.303,1.714,1.178
8080.4,0.4349,0.0571,0.7181,0.0001,0.2565,0.0001,0.0001,0.0042,0.0371,0.142,1.136,0.256,0.732,0.415,1.338,1.303,1.714,1.178
8100.3,0.4349,0.0571,0.719,0.0001,0.2569,0.0001,0.0001,0.0041,0.037,0.142,1.136,0.256,0.732,0.415,1.338,1.303,1.714,1.178
8120.1,0.4348,0.057,0.7168,0.0001,0.2565,0.0001,0.0001,0.0041,0.037,0.142,1.136,0.256,0.732,0.415,1.338,1.303,1.714,1.178
8140.4,0.4348,0.057,0.7211,0.0001,0.2564,0.0001,0.0001,0.0041,0.0369,0.142,1.136,0.256,0.732,0.415,1.338,1.303,1.714,1.178
8160.2,0.4346,0.057,0.7224,0.0001,0.2566,0.0001,0.0001,0.0041,0.0369,0.142,1.136,0.256,0.732,0.415,1.338,1.303,1.714,1.178
8180.4,0.4346,0.0569,0.7221,0.0001,0.2565,0.0001,0.0001,0.0041,0.0368,0.142,1.136,0.256,0.732,0.415,1.338,1.303,1.714,1.178
8200.3,0.4345,0.0569,0.7197,0.0001,0.2566,0.0001,0.0001,0.0041,0.0368,0.142,1.136,0.256,0.732,0.415,1.338,1.303,1.714,1.178
8220.1,0.4345,0.0568,0.7205,0.0001,0.2571,0.0001,0.0001,0.004,0.0367,0.142,1.136,0.256,0.732,0.415,1.338,1.303,1.714,1.178
8240.3,0.4344,0.0568,0.7211,0.0001,0.257,0.0001,0.0001,0.004,0.0367,0.142,1.136,0.256,0.732,0.415,1.338,1.303,1.714,1.178
8260.2,0.4344,0.0567,0.7179,0.0001,0.257,0.0001,0.0001,0.004,0.0366,0.142,1.136,0.256,0.732,0.415,1.338,1.303,1.714,1.178
8280.4,0.4344,0.0567,0.7191,0.0001,0.2568,0.0001,0.0001,0.004,0.0366,0.142,1.136,0.256,0.732,0.415,1.338,1.303,1.714,1.178
8300.2,0.4343,0.0566,0.7197,0.0001,0.2571,0.0001,0.0001,0.004,0.0365,0.142,1.136,0.256,0.732,0.415,1.338,1.303,1.714,1.178
8320.0,0.4343,0.0566,0.7205,0.0001,0.2568,0.0001,0.0001,0.004,0.0365,0.142,1.136,0.256,0.732,0.415,1.338,1.303,1.714,1.178
8340.3,0.4341,0.0566,0.7218,0.0001,0.2568,0.0001,0.0001,0.004,0.0364,0.142,1.136,0.256,0.732,0.415,1.338,1.303,1.714,1.178
8360.1,0.434,0.0565,0.7207,0.0001,0.257,0.0001,0.0001,0.0039,0.0364,0.142,1.136,0.256,0.732,0.415,1.338,1.303,1.714,1.178
8380.4,0.434,0.0565,0.7197,0.0001,0.2571,0.0001,0.0001,0.0039,0.0363,0.142,1.136,0.256,0.732,0.415,1.338,1.303,1.714,1.178
8400.2,0.434,0.0564,0.7203,0.0001,0.2572,0.0001,0.0001,0.0039,0.0363,0.142,1.136,0.256,0.732,0.415,1.338,1.303,1.714,1.178
8420.0,0.434,0.0564,0.7236,0.0001,0.2572,0.0001,0.0001,0.0039,0.0362,0.142,1.136,0.256,0.732,0.415,1.338,1.303,1.714,1.178
8440.3,0.4339,0.0563,0.7221,0.0001,0.2571,0.0001,0.0001,0.0039,0.0362,0.142,1.136,0.256,0.732,0.415,1.338,1.303,1.714,1.178
8460.1,0.4338,0.0563,0.7205,0.0001,0.257,0.0001,0.0001,0.0039,0.0362,0.142,1.136,0.256,0.732,0.415,1.338,1.303,1.714,1.178
8480.4,0.4338,0.0563,0.7215,0.0001,0.2565,0.0001,0.0001,0.0039,0.0361,0.142,1.136,0.256,0.732,0.415,1.338,1.303,1.714,1.178
8500.2,0.4337,0.0562,0.7186,0.0001,0.2569,0.0001,0.0001,0.0038,0.0361,0.142,1.136,0.256,0.732,0.415,1.338,1.303,1.714,1.178
8520.4,0.4335,0.0562,0.7194,0.0001,0.2578,0.0001,0.0001,0.0038,0.036,0.142,1.136,0.256,0.732,0.415,1.338,1.303,1.714,1.178
8540.2,0.4336,0.0561,0.7199,0.0001,0.2572,0.0001,0.0001,0.0038,0.036,0.142,1.136,0.256,0.732,0.415,1.338,1.303,1.714,1.178
8560.1,0.4336,0.0561,0.7198,0.0001,0.257,0.0001,0.0001,0.0038,0.0359,0.142,1.136,0.256,0.732,0.415,1.338,1.303,1.714,1.178
8580.3,0.4334,0.056,0.7224,0.0001,0.2576,0.0001,0.0001,0.0038,0.0359,0.142,1.136,0.256,0.732,0.415,1.338,1.303,1.714,1.178
8600.1,0.4333,0.056,0.7159,0.0001,0.2573,0.0001,0.0001,0.0038,0.0358,0.142,1.136,0.256,0.732,0.415,1.338,1.303,1.714,1.178
8620.4,0.4333,0.0559,0.7184,0.0001,0.2573,0.0001,0.0001,0.0038,0.0358,0.142,1.136,0.256,0.732,0.415,1.338,1.303,1.714,1.178
8640.2,0.4333,0.0559,0.7205,0.0001,0.2575,0.0001,0.0001,0.0038,0.0358,0.142,1.136,0.256,0.732,0.415,1.338,1.303,1.714,1.178
8660.0,0.4332,0.0559,0.7216,0.0001,0.2578,0.0001,0.0001,0.0037,0.0357,0.142,1.136,0.256,0.732,0.415,1.338,1.303,1.714,1.178
8680.3,0.4331,0.0558,0.7225,0.0001,0.2576,0.0001,0.0001,0.0037,0.0357,0.142,1.136,0.256,0.732,0.415,1.338,1.303,1.714,1.178
8700.1,0.4329,0.0558,0.718,0.0001,0.2574,0.0001,0.0001,0.0037,0.0356,0.142,1.136,0.256,0.732,0.415,1.338,1.303,1.714,1.178
8720.4,0.4331,0.0557,0.7183,0.0001,0.2578,0.0001,0.0001,0.0037,0.0356,0.142,1.136,0.256,0.732,0.415,1.338,1.303,1.714,1.178
8740.2,0.433,0.0557,0.7185,0.0001,0.2576,0.0001,0.0001,0.0037,0.0356,0.142,1.136,0.256,0.732,0.415,1.338,1.303,1.714,1.178
8760.4,0.4329,0.0557,0.7227,0.0001,0.2572,0.0001,0.0001,0.0037,0.0355,0.142,1.136,0.256,0.732,0.415,1.338,1.303,1.714,1.178
8780.2,0.4329,0.0556,0.7194,0.0001,0.2573,0.0001,0.0001,0.0037,0.0355,0.142,1.136,0.256,0.732,0.415,1.338,1.303,1.714,1.178
8800.0,0.4328,0.0556,0.7173,0.0001,0.2581,0.0001,0.0001,0.0037,0.0354,0.142,1.136,0.256,0.732,0.415,1.338,1.303,1.714,1.178
8820.3,0.4329,0.0555,0.7232,0.0001,0.2568,0.0001,0.0001,0.0036,0.0354,0.142,1.136,0.256,0.732,0.415,1.338,1.303,1.714,1.178
8840.1,0.4328,0.0555,0.7204,0.0001,0.2575,0.0001,0.0001,0.0036,0.0354,0.142,1.136,0.256,0.732,0.415,1.338,1.303,1.714,1.178
8860.4,0.4328,0.0554,0.7192,0.0001,0.2575,0.0001,0.0001,0.0036,0.0353,0.142,1.136,0.256,0.732,0.415,1.338,1.303,1.714,1.178
8880.2,0.4326,0.0554,0.7214,0.0001,0.2574,0.0001,0.0001,0.0036,0.0353,0.142,1.136,0.256,0.732,0.415,1.338,1.303,1.714,1.178
8900.5,0.4327,0.0554,0.7219,0.0001,0.2573,0.0001,0.0001,0.0036,0.0352,0.142,1.136,0.256,0.732,0.415,1.338,1.303,1.714,1.178
8920.3,0.4327,0.0553,0.7172,0.0001,0.2574,0.0001,0.0001,0.0036,0.0352,0.142,1.136,0.256,0.732,0.415,1.338,1.303,1.714,1.178
8940.1,0.4326,0.0553,0.7174,0.0001,0.2576,0.0001,0.0001,0.0036,0.0352,0.142,1.136,0.256,0.732,0.415,1.338,1.303,1.714,1.178
8960.3,0.4326,0.0552,0.722,0.0001,0.2576,0.0001,0.0001,0.0036,0.0351,0.142,1.136,0.256,0.732,0.415,1.338,1.303,1.714,1.178
8980.1,0.4325,0.0552,0.7203,0.0001,0.2576,0.0001,0.0001,0.0036,0.0351,0.142,1.136,0.256,0.732,0.415,1.338,1.303,1.714,1.178
9000.4,0.4325,0.0552,0.7197,0.0001,0.2578,0.0001,0.0001,0.0035,0.0351,0.142,1.136,0.256,0.732,0.415,1.338,1.303,1.714,1.178
9020.2,0.4325,0.0551,0.7203,0.0001,0.2574,0.0001,0.0001,0.0035,0.035,0.142,1.136,0.256,0.732,0.415,1.338,1.303,1.714,1.178
9040.4,0.4324,0.0551,0.7194,0.0001,0.2579,0.0001,0.0001,0.0035,0.035,0.142,1.136,0.256,0.732,0.415,1.338,1.303,1.714,1.178
9060.2,0.4322,0.055,0.7198,0.0001,0.2576,0.0001,0.0001,0.0035,0.0349,0.142,1.136,0.256,0.732,0.415,1.338,1.303,1.714,1.178
9080.1,0.4322,0.055,0.7213,0.0001,0.2576,0.0001,0.0001,0.0035,0.0349,0.142,1.136,0.256,0.732,0.415,1.338,1.303,1.714,1.178
9100.3,0.4323,0.055,0.7192,0.0001,0.2577,0.0001,0.0001,0.0035,0.0349,0.142,1.136,0.256,0.732,0.415,1.338,1.303,1.714,1.178
9120.1,0.4321,0.0549,0.7208,0.0001,0.258,0.0001,0.0001,0.0035,0.0348,0.142,1.136,0.256,0.732,0.415,1.338,1.303,1.714,1.178
9140.4,0.4322,0.0549,0.7197,0.0001,0.2577,0.0001,0.0001,0.0035,0.0348,0.142,1.136,0.256,0.732,0.415,1.338,1.303,1.714,1.178
9160.2,0.432,0.0548,0.7195,0.0001,0.2578,0.0001,0.0001,0.0035,0.0348,0.142,1.136,0.256,0.732,0.415,1.338,1.303,1.714,1.178
9180.4,0.432,0.0548,0.7197,0.0001,0.2582,0.0001,0.0001,0.0034,0.0347,0.142,1.136,0.256,0.732,0.415,1.338,1.303,1.714,1.178
9200.2,0.4321,0.0548,0.7192,0.0001,0.2572,0.0001,0.0001,0.0034,0.0347,0.142,1.136,0.256,0.732,0.415,1.338,1.303,1.714,1.178
9220.0,0.432,0.0547,0.7225,0.0001,0.2577,0.0001,0.0001,0.0034,0.0347,0.142,1.136,0.256,0.732,0.415,1.338,1.303,1.714,1.178
9240.3,0.4319,0.0547,0.7192,0.0001,0.2579,0.0001,0.0001,0.0034,0.0346,0.142,1.136,0.256,0.732,0.415,1.338,1.303,1.714,1.178
9260.1,0.4318,0.0546,0.7199,0.0001,0.2581,0.0001,0.0001,0.0034,0.0346,0.142,1.136,0.256,0.732,0.415,1.338,1.303,1.714,1.178
9280.4,0.4317,0.0546,0.7178,0.0001,0.2575,0.0001,0.0001,0.0034,0.0346,0.142,1.136,0.256,0.732,0.415,1.338,1.303,1.714,1.178
9300.2,0.4318,0.0546,0.7224,0.0001,0.2581,0.0001,0.0001,0.0034,0.0345,0.142,1.136,0.256,0.732,0.415,1.338,1.303,1.714,1.178
9320.4,0.4317,0.0545,0.724,0.0001,0.2574,0.0001,0.0001,0.0034,0.0345,0.142,1.136,0.256,0.732,0.415,1.338,1.303,1.714,1.178
9340.2,0.4317,0.0545,0.719,0.0001,0.2576,0.0001,0.0001,0.0034,0.0345,0.142,1.136,0.256,0.732,0.415,1.338,1.303,1.714,1.178
9360.0,0.4315,0.0545,0.719,0.0001,0.2578,0.0001,0.0001,0.0034,0.0344,0.142,1.136,0.256,0.732,0.415,1.338,1.303,1.714,1.178
9380.3,0.4315,0.0544,0.7221,0.0001,0.258,0.0001,0.0001,0.0033,0.0344,0.142,1.136,0.256,0.732,0.415,1.338,1.303,1.714,1.178
9400.1,0.4316,0.0544,0.7204,0.0001,0.2579,0.0001,0.0001,0.0033,0.0344,0.142,1.136,0.256,0.732,0.415,1.338,1.303,1.714,1.178
9420.3,0.4315,0.0543,0.7243,0.0001,0.2579,0.0001,0.0001,0.0033,0.0343,0.142,1.136,0.256,0.732,0.415,1.338,1.303,1.714,1.178
9440.1,0.4315,0.0543,0.719,0.0001,0.2577,0.0001,0.0001,0.0033,0.0343,0.142,1.136,0.256,0.732,0.415,1.338,1.303,1.714,1.178
9460.4,0.4315,0.0543,0.7212,0.0001,0.2583,0.0001,0.0001,0.0033,0.0343,0.142,1.136,0.256,0.732,0.415,1.338,1.303,1.714,1.178
9480.2,0.4313,0.0542,0.7222,0.0001,0.258,0.0001,0.0001,0.0033,0.0342,0.142,1.136,0.256,0.732,0.415,1.338,1.303,1.714,1.178
9500.4,0.4314,0.0542,0.7193,0.0001,0.2579,0.0001,0.0001,0.0033,0.0342,0.142,1.136,0.256,0.732,0.415,1.338,1.303,1.714,1.178
9520.2,0.4313,0.0542,0.7192,0.0001,0.2576,0.0001,0.0001,0.0033,0.0342,0.142,1.136,0.256,0.732,0.415,1.338,1.303,1.714,1.178
9540.0,0.4313,0.0541,0.7185,0.0001,0.2575,0.0001,0.0001,0.0033,0.0342,0.142,1.136,0.256,0.732,0.415,1.338,1.303,1.714,1.178
9560.3,0.4311,0.0541,0.7182,0.0001,0.2581,0.0001,0.0001,0.0033,0.0341,0.142,1.136,0.256,0.732,0.415,1.338,1.303,1.714,1.178
9580.1,0.4311,0.0541,0.7199,0.0001,0.2581,0.0001,0.0001,0.0033,0.0341,0.142,1.136,0.256,0.732,0.415,1.338,1.303,1.714,1.178
9600.3,0.4311,0.054,0.7208,0.0001,0.258,0.0001,0.0001,0.0032,0.0341,0.142,1.136,0.256,0.732,0.415,1.338,1.303,1.714,1.178
9620.1,0.431,0.054,0.7234,0.0001,0.2584,0.0001,0.0001,0.0032,0.034,0.142,1.136,0.256,0.732,0.415,1.338,1.303,1.714,1.178
9640.4,0.431,0.054,0.7175,0.0001,0.2576,0.0001,0.0001,0.0032,0.034,0.142,1.136,0.256,0.732,0.415,1.338,1.303,1.714,1.178
9660.2,0.431,0.0539,0.7211,0.0001,0.2578,0.0001,0.0001,0.0032,0.034,0.142,1.136,0.256,0.732,0.415,1.338,1.303,1.714,1.178
9680.4,0.4309,0.0539,0.7184,0.0001,0.2583,0.0001,0.0001,0.0032,0.0339,0.142,1.136,0.256,0.732,0.415,1.338,1.303,1.714,1.178
9700.2,0.431,0.0539,0.7195,0.0001,0.2584,0.0001,0.0001,0.0032,0.0339,0.142,1.136,0.256,0.732,0.415,1.338,1.303,1.714,1.178
9720.0,0.431,0.0538,0.7187,0.0001,0.2581,0.0001,0.0001,0.0032,0.0339,0.142,1.136,0.256,0.732,0.415,1.338,1.303,1.714,1.178
9740.3,0.4309,0.0538,0.7202,0.0001,0.258,0.0001,0.0001,0.0032,0.0339,0.142,1.136,0.256,0.732,0.415,1.338,1.303,1.714,1.178
9760.1,0.4308,0.0538,0.717,0.0001,0.2581,0.0001,0.0001,0.0032,0.0338,0.142,1.136,0.256,0.732,0.415,1.338,1.303,1.714,1.178
9780.3,0.4308,0.0537,0.7176,0.0001,0.2581,0.0001,0.0001,0.0032,0.0338,0.142,1.136,0.256,0.732,0.415,1.338,1.303,1.714,1.178
9800.1,0.4307,0.0537,0.7185,0.0001,0.2583,0.0001,0.0001,0.0032,0.0338,0.142,1.136,0.256,0.732,0.415,1.338,1.303,1.714,1.178
9820.4,0.4306,0.0536,0.7218,0.0001,0.2583,0.0001,0.0001,0.0031,0.0337,0.142,1.136,0.256,0.732,0.415,1.338,1.303,1.714,1.178
9840.2,0.4307,0.0536,0.7235,0.0001,0.2583,0.0001,0.0001,0.0031,0.0337,0.142,1.136,0.256,0.732,0.415,1.338,1.303,1.714,1.178
9860.4,0.4306,0.0536,0.7246,0.0001,0.258,0.0001,0.0001,0.0031,0.0337,0.142,1.136,0.256,0.732,0.415,1.338,1.303,1.714,1.178
9880.2,0.4305,0.0536,0.7218,0.0001,0.2582,0.0001,0.0001,0.0031,0.0337,0.142,1.136,0.256,0.732,0.415,1.338,1.303,1.714,1.178
9900.5,0.4306,0.0535,0.7201,0.0001,0.2583,0.0001,0.0001,0.0031,0.0336,0.142,1.136,0.256,0.732,0.415,1.338,1.303,1.714,1.178
9920.2,0.4306,0.0535,0.7212,0.0001,0.2582,0.0001,0.0001,0.0031,0.0336,0.142,1.136,0.256,0.732,0.415,1.338,1.303,1.714,1.178
9940.0,0.4306,0.0535,0.7196,0.0001,0.2582,0.0001,0.0001,0.0031,0.0336,0.142,1.136,0.256,0.732,0.415,1.338,1.303,1.714,1.178
9960.3,0.4305,0.0534,0.7197,0.0001,0.2579,0.0001,0.0001,0.0031,0.0336,0.142,1.136,0.256,0.732,0.415,1.338,1.303,1.714,1.178
9980.1,0.4305,0.0534,0.7222,0.0001,0.2582,0.0001,0.0001,0.0031,0.0335,0.142,1.136,0.256,0.732,0.415,1.338,1.303,1.714,1.178
10000.3,0.4304,0.0534,0.718,0.0001,0.2582,0.0001,0.0001,0.0031,0.0335,0.142,1.136,0.256,0.732,0.415,1.338,1.303,1.714,1.178
10020.1,0.4303,0.0533,0.7183,0.0001,0.2579,0.0001,0.0001,0.0031,0.0335,0.142,1.136,0.256,0.732,0.415,1.338,1.303,1.714,1.178
10040.4,0.4303,0.0533,0.7189,0.0001,0.2583,0.0001,0.0001,0.0031,0.0335,0.142,1.136,0.256,0.732,0.415,1.338,1.303,1.714,1.178
10060.2,0.4303,0.0533,0.7188,0.0001,0.258,0.0001,0.0001,0.003,0.0334,0.142,1.136,0.256,0.732,0.415,1.338,1.303,1.714,1.178
10080.4,0.4302,0.0532,0.7184,0.0001,0.2581,0.0001,0.0001,0.003,0.0334,0.142,1.136,0.256,0.732,0.415,1.338,1.303,1.714,1.178
10100.2,0.4302,0.0532,0.7215,0.0001,0.2582,0.0001,0.0001,0.003,0.0334,0.142,1.136,0.256,0.732,0.415,1.338,1.303,1.714,1.178
10120.4,0.4302,0.0532,0.7192,0.0001,0.2586,0.0001,0.0001,0.003,0.0333,0.142,1.136,0.256,0.732,0.415,1.338,1.303,1.714,1.178
10140.2,0.4302,0.0531,0.7196,0.0001,0.2586,0.0001,0.0001,0.003,0.0333,0.142,1.136,0.256,0.732,0.415,1.338,1.303,1.714,1.178
10160.0,0.4302,0.0531,0.7197,0.0001,0.2589,0.0001,0.0001,0.003,0.0333,0.142,1.136,0.256,0.732,0.415,1.338,1.303,1.714,1.178
10180.3,0.4301,0.0531,0.7208,0.0001,0.2584,0.0001,0.0001,0.003,0.0333,0.142,1.136,0.256,0.732,0.415,1.338,1.303,1.714,1.178
10200.1,0.4301,0.0531,0.718,0.0001,0.2585,0.0001,0.0001,0.003,0.0332,0.142,1.136,0.256,0.732,0.415,1.338,1.303,1.714,1.178
10220.3,0.43,0.053,0.721,0.0001,0.2589,0.0001,0.0001,0.003,0.0332,0.142,1.136,0.256,0.732,0.415,1.338,1.303,1.714,1.178
10240.1,0.43,0.053,0.7247,0.0001,0.2584,0.0001,0.0001,0.003,0.0332,0.142,1.136,0.256,0.732,0.415,1.338,1.303,1.714,1.178
10260.3,0.43,0.053,0.7239,0.0001,0.2581,0.0001,0.0001,0.003,0.0332,0.142,1.136,0.256,0.732,0.415,1.338,1.303,1.714,1.178
10280.1,0.4299,0.0529,0.7197,0.0001,0.2589,0.0001,0.0001,0.003,0.0331,0.142,1.136,0.256,0.732,0.415,1.338,1.303,1.714,1.178
10300.4,0.4299,0.0529,0.7187,0.0001,0.2584,0.0001,0.0001,0.003,0.0331,0.142,1.136,0.256,0.732,0.415,1.338,1.303,1.714,1.178
10320.2,0.4299,0.0529,0.7187,0.0001,0.2582,0.0001,0.0001,0.0029,0.0331,0.142,1.136,0.256,0.732,0.415,1.338,1.303,1.714,1.178
10340.4,0.4299,0.0528,0.7205,0.0001,0.2584,0.0001,0.0001,0.0029,0.0331,0.142,1.136,0.256,0.732,0.415,1.338,1.303,1.714,1.178
10360.2,0.4298,0.0528,0.7174,0.0001,0.2586,0.0001,0.0001,0.0029,0.033,0.142,1.136,0.256,0.732,0.415,1.338,1.303,1.714,1.178
10380.5,0.4298,0.0528,0.7204,0.0001,0.2582,0.0001,0.0001,0.0029,0.033,0.142,1.136,0.256,0.732,0.415,1.338,1.303,1.714,1.178
10400.2,0.4297,0.0528,0.7181,0.0001,0.2586,0.0001,0.0001,0.0029,0.033,0.142,1.136,0.256,0.732,0.415,1.338,1.303,1.714,1.178
10420.0,0.4296,0.0527,0.7211,0.0001,0.2587,0.0001,0.0001,0.0029,0.033,0.142,1.136,0.256,0.732,0.415,1.338,1.303,1.714,1.178
10440.3,0.4296,0.0527,0.7218,0.0001,0.2586,0.0001,0.0001,0.0029,0.033,0.142,1.136,0.256,0.732,0.415,1.338,1.303,1.714,1.178
10460.1,0.4296,0.0527,0.7224,0.0001,0.2585,0.0001,0.0001,0.0029,0.0329,0.142,1.136,0.256,0.732,0.415,1.338,1.303,1.714,1.178
10480.3,0.4296,0.0526,0.722,0.0001,0.2587,0.0001,0.0001,0.0029,0.0329,0.142,1.136,0.256,0.732,0.415,1.338,1.303,1.714,1.178
10500.1,0.4296,0.0526,0.7203,0.0001,0.2581,0.0001,0.0001,0.0029,0.0329,0.142,1.136,0.256,0.732,0.415,1.338,1.303,1.714,1.178
10520.3,0.4296,0.0526,0.7174,0.0001,0.2587,0.0001,0.0001,0.0029,0.0329,0.142,1.136,0.256,0.732,0.415,1.338,1.303,1.714,1.178
10540.1,0.4294,0.0526,0.7224,0.0001,0.2587,0.0001,0.0001,0.0029,0.0328,0.142,1.136,0.256,0.732,0.415,1.338,1.303,1.714,1.178
10560.4,0.4294,0.0525,0.7202,0.0001,0.2583,0.0001,0.0001,0.0029,0.0328,0.142,1.136,0.256,0.732,0.415,1.338,1.303,1.714,1.178
10580.2,0.4294,0.0525,0.7207,0.0001,0.2587,0.0001,0.0001,0.0028,0.0328,0.142,1.136,0.256,0.732,0.415,1.338,1.303,1.714,1.178
10600.4,0.4294,0.0525,0.7218,0.0001,0.2586,0.0001,0.0001,0.0028,0.0328,0.142,1.136,0.256,0.732,0.415,1.338,1.303,1.714,1.178
10620.2,0.4292,0.0525,0.7173,0.0001,0.2585,0.0001,0.0001,0.0028,0.0327,0.142,1.136,0.256,0.732,0.415,1.338,1.303,1.714,1.178
10640.5,0.4293,0.0524,0.7208,0.0001,0.2589,0.0001,0.0001,0.0028,0.0327,0.142,1.136,0.256,0.732,0.415,1.338,1.303,1.714,1.178
10660.2,0.4292,0.0524,0.7204,0.0001,0.2587,0.0001,0.0001,0.0028,0.0327,0.142,1.136,0.256,0.732,0.415,1.338,1.303,1.714,1.178
10680.0,0.4292,0.0524,0.7184,0.0001,0.2588,0.0001,0.0001,0.0028,0.0327,0.142,1.136,0.256,0.732,0.415,1.338,1.303,1.714,1.178
10700.3,0.4291,0.0523,0.7247,0.0001,0.2586,0.0001,0.0001,0.0028,0.0327,0.142,1.136,0.256,0.732,0.415,1.338,1.303,1.714,1.178
10720.1,0.4292,0.0523,0.7209,0.0001,0.2585,0.0001,0.0001,0.0028,0.0326,0.142,1.136,0.256,0.732,0.415,1.338,1.303,1.714,1.178
10740.3,0.4291,0.0523,0.7206,0.0001,0.2588,0.0001,0.0001,0.0028,0.0326,0.142,1.136,0.256,0.732,0.415,1.338,1.303,1.714,1.178
10760.1,0.429,0.0523,0.7209,0.0001,0.2589,0.0001,0.0001,0.0028,0.0326,0.142,1.136,0.256,0.732,0.415,1.338,1.303,1.714,1.178
10780.3,0.429,0.0522,0.7242,0.0001,0.2585,0.0001,0.0001,0.0028,0.0326,0.142,1.136,0.256,0.732,0.415,1.338,1.303,1.714,1.178
10800.1,0.429,0.0522,0.7188,0.0001,0.2587,0.0001,0.0001,0.0028,0.0325,0.142,1.136,0.256,0.732,0.415,1.338,1.303,1.714,1.178
10820.4,0.429,0.0522,0.7224,0.0001,0.2587,0.0001,0.0001,0.0028,0.0325,0.142,1.136,0.256,0.732,0.415,1.338,1.303,1.714,1.178
10840.2,0.429,0.0522,0.7216,0.0001,0.2586,0.0001,0.0001,0.0028,0.0325,0.142,1.136,0.256,0.732,0.415,1.338,1.303,1.714,1.178
10860.4,0.4289,0.0521,0.7201,0.0001,0.2583,0.0001,0.0001,0.0027,0.0325,0.142,1.136,0.256,0.732,0.415,1.338,1.303,1.714,1.178
10880.2,0.429,0.0521,0.7246,0.0001,0.2585,0.0001,0.0001,0.0027,0.0325,0.142,1.136,0.256,0.732,0.415,1.338,1.303,1.714,1.178
10900.4,0.4289,0.0521,0.7191,0.0001,0.2588,0.0001,0.0001,0.0027,0.0324,0.142,1.136,0.256,0.732,0.415,1.338,1.303,1.714,1.178
10920.2,0.429,0.0521,0.7255,0.0001,0.2587,0.0001,0.0001,0.0027,0.0324,0.142,1.136,0.256,0.732,0.415,1.338,1.303,1.714,1.178
10940.0,0.429,0.052,0.719,0.0001,0.2587,0.0001,0.0001,0.0027,0.0324,0.142,1.136,0.256,0.732,0.415,1.338,1.303,1.714,1.178
10960.2,0.4289,0.052,0.72,0.0001,0.2591,0.0001,0.0001,0.0027,0.0324,0.142,1.136,0.256,0.732,0.415,1.338,1.303,1.714,1.178
10980.0,0.4289,0.052,0.7225,0.0001,0.259,0.0001,0.0001,0.0027,0.0323,0.142,1.136,0.256,0.732,0.415,1.338,1.303,1.714,1.178
11000.3,0.4288,0.052,0.7203,0.0001,0.259,0.0001,0.0001,0.0027,0.0323,0.142,1.136,0.256,0.732,0.415,1.338,1.303,1.714,1.178
11020.1,0.4288,0.0519,0.721,0.0001,0.2588,0.0001,0.0001,0.0027,0.0323,0.142,1.136,0.256,0.732,0.415,1.338,1.303,1.714,1.178
11040.3,0.4287,0.0519,0.7224,0.0001,0.2591,0.0001,0.0001,0.0027,0.0323,0.142,1.136,0.256,0.732,0.415,1.338,1.303,1.714,1.178
11060.1,0.4288,0.0519,0.7213,0.0001,0.2588,0.0001,0.0001,0.0027,0.0323,0.142,1.136,0.256,0.732,0.415,1.338,1.303,1.714,1.178
11080.3,0.4287,0.0519,0.7215,0.0001,0.2589,0.0001,0.0001,0.0027,0.0322,0.142,1.136,0.256,0.732,0.415,1.338,1.303,1.714,1.178
11100.1,0.4287,0.0518,0.7188,0.0001,0.2587,0.0001,0.0001,0.0027,0.0322,0.142,1.136,0.256,0.732,0.415,1.338,1.303,1.714,1.178
11120.4,0.4286,0.0518,0.7214,0.0001,0.259,0.0001,0.0001,0.0027,0.0322,0.142,1.136,0.256,0.732,0.415,1.338,1.303,1.714,1.178
11140.1,0.4285,0.0518,0.722,0.0001,0.2591,0.0001,0.0001,0.0027,0.0322,0.142,1.136,0.256,0.732,0.415,1.338,1.303,1.714,1.178
11160.4,0.4286,0.0518,0.7221,0.0001,0.2589,0.0001,0.0001,0.0026,0.0322,0.142,1.136,0.256,0.732,0.415,1.338,1.303,1.714,1.178
11180.2,0.4285,0.0517,0.7204,0.0001,0.2591,0.0001,0.0001,0.0026,0.0321,0.142,1.136,0.256,0.732,0.415,1.338,1.303,1.714,1.178
11200.4,0.4286,0.0517,0.7211,0.0001,0.2587,0.0001,0.0001,0.0026,0.0321,0.142,1.136,0.256,0.732,0.415,1.338,1.303,1.714,1.178
11220.2,0.4285,0.0517,0.7223,0.0001,0.2588,0.0001,0.0001,0.0026,0.0321,0.142,1.136,0.256,0.732,0.415,1.338,1.303,1.714,1.178
11240.4,0.4285,0.0517,0.7227,0.0001,0.2591,0.0001,0.0001,0.0026,0.0321,0.142,1.136,0.256,0.732,0.415,1.338,1.303,1.714,1.178
11260.2,0.4284,0.0517,0.7184,0.0001,0.2591,0.0001,0.0001,0.0026,0.032,0.142,1.136,0.256,0.732,0.415,1.338,1.303,1.714,1.178
11280.0,0.4283,0.0516,0.7221,0.0001,0.2588,0.0001,0.0001,0.0026,0.032,0.142,1.136,0.256,0.732,0.415,1.338,1.303,1.714,1.178
11300.2,0.4283,0.0516,0.7234,0.0001,0.2588,0.0001,0.0001,0.0026,0.032,0.142,1.136,0.256,0.732,0.415,1.338,1.303,1.714,1.178
11320.0,0.4282,0.0516,0.7201,0.0001,0.2588,0.0001,0.0001,0.0026,0.032,0.142,1.136,0.256,0.732,0.415,1.338,1.303,1.714,1.178
11340.3,0.4283,0.0516,0.724,0.0001,0.2588,0.0001,0.0001,0.0026,0.032,0.142,1.136,0.256,0.732,0.415,1.338,1.303,1.714,1.178
11360.0,0.4283,0.0515,0.7197,0.0001,0.2591,0.0001,0.0001,0.0026,0.032,0.142,1.136,0.256,0.732,0.415,1.338,1.303,1.714,1.178
11380.3,0.4282,0.0515,0.7272,0.0001,0.2591,0.0001,0.0001,0.0026,0.0319,0.142,1.136,0.256,0.732,0.415,1.338,1.303,1.714,1.178
11400.1,0.4282,0.0515,0.7205,0.0001,0.2592,0.0001,0.0001,0.0026,0.0319,0.142,1.136,0.256,0.732,0.415,1.338,1.303,1.714,1.178
11420.3,0.4282,0.0515,0.7198,0.0001,0.2591,0.0001,0.0001,0.0026,0.0319,0.142,1.136,0.256,0.732,0.415,1.338,1.303,1.714,1.178
11440.1,0.4283,0.0514,0.7226,0.0001,0.2591,0.0001,0.0001,0.0026,0.0319,0.142,1.136,0.256,0.732,0.415,1.338,1.303,1.714,1.178
11460.3,0.4281,0.0514,0.7199,0.0001,0.2587,0.0001,0.0001,0.0026,0.0319,0.142,1.136,0.256,0.732,0.415,1.338,1.303,1.714,1.178
11480.1,0.4282,0.0514,0.7206,0.0001,0.2589,0.0001,0.0001,0.0026,0.0318,0.142,1.136,0.256,0.732,0.415,1.338,1.303,1.714,1.178
11500.4,0.4281,0.0514,0.7241,0.0001,0.2592,0.0001,0.0001,0.0025,0.0318,0.142,1.136,0.256,0.732,0.415,1.338,1.303,1.714,1.178
11520.1,0.4281,0.0514,0.7207,0.0001,0.2591,0.0001,0.0001,0.0025,0.0318,0.142,1.136,0.256,0.732,0.415,1.338,1.303,1.714,1.178
11540.4,0.428,0.0513,0.7215,0.0001,0.259,0.0001,0.0001,0.0025,0.0318,0.142,1.136,0.256,0.732,0.415,1.338,1.303,1.714,1.178
11560.2,0.4282,0.0513,0.7165,0.0001,0.259,0.0001,0.0001,0.0025,0.0318,0.142,1.136,0.256,0.732,0.415,1.338,1.303,1.714,1.178
11580.4,0.4281,0.0513,0.7227,0.0001,0.259,0.0001,0.0001,0.0025,0.0317,0.142,1.136,0.256,0.732,0.415,1.338,1.303,1.714,1.178
11600.2,0.4281,0.0513,0.7226,0.0001,0.2589,0.0001,0.0001,0.0025,0.0317,0.142,1.136,0.256,0.732,0.415,1.338,1.303,1.714,1.178
11620.4,0.428,0.0513,0.7227,0.0001,0.2594,0.0001,0.0001,0.0025,0.0317,0.142,1.136,0.256,0.732,0.415,1.338,1.303,1.714,1.178
11640.2,0.428,0.0512,0.7232,0.0001,0.2591,0.0001,0.0001,0.0025,0.0317,0.142,1.136,0.256,0.732,0.415,1.338,1.303,1.714,1.178
11660.5,0.428,0.0512,0.7226,0.0001,0.2592,0.0001,0.0001,0.0025,0.0317,0.142,1.136,0.256,0.732,0.415,1.338,1.303,1.714,1.178
11680.2,0.4278,0.0512,0.7235,0.0001,0.259,0.0001,0.0001,0.0025,0.0316,0.142,1.136,0.256,0.732,0.415,1.338,1.303,1.714,1.178
11700.0,0.4278,0.0512,0.7188,0.0001,0.259,0.0001,0.0001,0.0025,0.0316,0.142,1.136,0.256,0.732,0.415,1.338,1.303,1.714,1.178
11720.3,0.4279,0.0511,0.7221,0.0001,0.259,0.0001,0.0001,0.0025,0.0316,0.142,1.136,0.256,0.732,0.415,1.338,1.303,1.714,1.178
11740.0,0.4278,0.0511,0.7238,0.0001,0.2596,0.0001,0.0001,0.0025,0.0316,0.142,1.136,0.256,0.732,0.415,1.338,1.303,1.714,1.178
11760.3,0.4277,0.0511,0.7209,0.0001,0.2592,0.0001,0.0001,0.0025,0.0316,0.142,1.136,0.256,0.732,0.415,1.338,1.303,1.714,1.178
11780.1,0.4276,0.0511,0.7223,0.0001,0.2592,0.0001,0.0001,0.0025,0.0316,0.142,1.136,0.256,0.732,0.415,1.338,1.303,1.714,1.178
11800.3,0.4276,0.0511,0.7244,0.0001,0.2593,0.0001,0.0001,0.0025,0.0315,0.142,1.136,0.256,0.732,0.415,1.338,1.303,1.714,1.178
11820.1,0.4277,0.051,0.7224,0.0001,0.2593,0.0001,0.0001,0.0025,0.0315,0.142,1.136,0.256,0.732,0.415,1.338,1.303,1.714,1.178
11840.3,0.4276,0.051,0.7223,0.0001,0.2591,0.0001,0.0001,0.0025,0.0315,0.142,1.136,0.256,0.732,0.415,1.338,1.303,1.714,1.178
11860.1,0.4277,0.051,0.7205,0.0001,0.2591,0.0001,0.0001,0.0024,0.0315,0.142,1.136,0.256,0.732,0.415,1.338,1.303,1.714,1.178
11880.4,0.4277,0.051,0.7202,0.0001,0.259,0.0001,0.0001,0.0024,0.0315,0.142,1.136,0.256,0.732,0.415,1.338,1.303,1.714,1.178
11900.1,0.4276,0.051,0.7236,0.0001,0.2592,0.0001,0.0001,0.0024,0.0314,0.142,1.136,0.256,0.732,0.415,1.338,1.303,1.714,1.178
11920.4,0.4276,0.0509,0.7247,0.0001,0.2595,0.0001,0.0001,0.0024,0.0314,0.142,1.136,0.256,0.732,0.415,1.338,1.303,1.714,1.178
11940.2,0.4276,0.0509,0.7211,0.0001,0.2591,0.0001,0.0001,0.0024,0.0314,0.142,1.136,0.256,0.732,0.415,1.338,1.303,1.714,1.178
11960.4,0.4276,0.0509,0.7219,0.0001,0.2591,0.0001,0.0001,0.0024,0.0314,0.142,1.136,0.256,0.732,0.415,1.338,1.303,1.714,1.178
11980.2,0.4276,0.0509,0.7245,0.0001,0.2593,0.0001,0.0001,0.0024,0.0314,0.142,1.136,0.256,0.732,0.415,1.338,1.303,1.714,1.178
12000.4,0.4276,0.0509,0.7221,0.0001,0.2593,0.0001,0.0001,0.0024,0.0314,0.142,1.136,0.256,0.732,0.415,1.338,1.303,1.714,1.178
12020.2,0.4276,0.0508,0.7208,0.0001,0.2593,0.0001,0.0001,0.0024,0.0313,0.142,1.136,0.256,0.732,0.415,1.338,1.303,1.714,1.178
12040.4,0.4275,0.0508,0.7197,0.0001,0.2596,0.0001,0.0001,0.0024,0.0313,0.142,1.136,0.256,0.732,0.415,1.338,1.303,1.714,1.178
12060.2,0.4274,0.0508,0.7232,0.0001,0.259,0.0001,0.0001,0.0024,0.0313,0.142,1.136,0.256,0.732,0.415,1.338,1.303,1.714,1.178
12080.0,0.4273,0.0508,0.7229,0.0001,0.2591,0.0001,0.0001,0.0024,0.0313,0.142,1.136,0.256,0.732,0.415,1.338,1.303,1.714,1.178
12100.2,0.4274,0.0508,0.7191,0.0001,0.2592,0.0001,0.0001,0.0024,0.0313,0.142,1.136,0.256,0.732,0.415,1.338,1.303,1.714,1.178
12120.0,0.4273,0.0507,0.7225,0.0001,0.2592,0.0001,0.0001,0.0024,0.0313,0.142,1.136,0.256,0.732,0.415,1.338,1.303,1.714,1.178
12140.3,0.4273,0.0507,0.7229,0.0001,0.2593,0.0001,0.0001,0.0024,0.0312,0.142,1.136,0.256,0.732,0.415,1.338,1.303,1.714,1.178
12160.1,0.4272,0.0507,0.7216,0.0001,0.2593,0.0001,0.0001,0.0024,0.0312,0.142,1.136,0.256,0.732,0.415,1.338,1.303,1.714,1.178
12180.3,0.4273,0.0507,0.7244,0.0001,0.2591,0.0001,0.0001,0.0024,0.0312,0.142,1.136,0.256,0.732,0.415,1.338,1.303,1.714,1.178
12200.1,0.4271,0.0507,0.7219,0.0001,0.2593,0.0001,0.0001,0.0024,0.0312,0.142,1.136,0.256,0.732,0.415,1.338,1.303,1.714,1.178
12220.3,0.4271,0.0506,0.7232,0.0001,0.2595,0.0001,0.0001,0.0024,0.0312,0.142,1.136,0.256,0.732,0.415,1.338,1.303,1.714,1.178
12240.1,0.4272,0.0506,0.7236,0.0001,0.2591,0.0001,0.0001,0.0023,0.0312,0.142,1.136,0.256,0.732,0.415,1.338,1.303,1.714,1.178
12260.3,0.4272,0.0506,0.7228,0.0001,0.2592,0.0001,0.0001,0.0023,0.0311,0.142,1.136,0.256,0.732,0.415,1.338,1.303,1.714,1.178
12280.1,0.4272,0.0506,0.7258,0.0001,0.2596,0.0001,0.0001,0.0023,0.0311,0.142,1.136,0.256,0.732,0.415,1.338,1.303,1.714,1.178
12300.4,0.4271,0.0506,0.724,0.0001,0.2595,0.0001,0.0001,0.0023,0.0311,0.142,1.136,0.256,0.732,0.415,1.338,1.303,1.714,1.178
12320.1,0.4272,0.0506,0.7225,0.0001,0.2593,0.0001,0.0001,0.0023,0.0311,0.142,1.136,0.256,0.732,0.415,1.338,1.303,1.714,1.178
12340.4,0.4272,0.0505,0.7201,0.0001,0.259,0.0001,0.0001,0.0023,0.0311,0.142,1.136,0.256,0.732,0.415,1.338,1.303,1.714,1.178
12360.2,0.4271,0.0505,0.7213,0.0001,0.2593,0.0001,0.0001,0.0023,0.0311,0.142,1.136,0.256,0.732,0.415,1.338,1.303,1.714,1.178
12380.4,0.4272,0.0505,0.7225,0.0001,0.2594,0.0001,0.0001,0.0023,0.031,0.142,1.136,0.256,0.732,0.415,1.338,1.303,1.714,1.178
12400.2,0.4271,0.0505,0.7218,0.0001,0.2595,0.0001,0.0001,0.0023,0.031,0.142,1.136,0.256,0.732,0.415,1.338,1.303,1.714,1.178
12420.4,0.4271,0.0505,0.7207,0.0001,0.2593,0.0001,0.0001,0.0023,0.031,0.142,1.136,0.256,0.732,0.415,1.338,1.303,1.714,1.178
12440.2,0.4271,0.0504,0.7234,0.0001,0.2595,0.0001,0.0001,0.0023,0.031,0.142,1.136,0.256,0.732,0.415,1.338,1.303,1.714,1.178
12460.4,0.4271,0.0504,0.7203,0.0001,0.2594,0.0001,0.0001,0.0023,0.031,0.142,1.136,0.256,0.732,0.415,1.338,1.303,1.714,1.178
12480.2,0.427,0.0504,0.724,0.0001,0.2593,0.0001,0.0001,0.0023,0.031,0.142,1.136,0.256,0.732,0.415,1.338,1.303,1.714,1.178
12500.0,0.4269,0.0504,0.7217,0.0001,0.2595,0.0001,0.0001,0.0023,0.031,0.142,1.136,0.256,0.732,0.415,1.338,1.303,1.714,1.178
12520.2,0.4269,0.0504,0.7222,0.0001,0.2595,0.0001,0.0001,0.0023,0.0309,0.142,1.136,0.256,0.732,0.415,1.338,1.303,1.714,1.178
12540.0,0.4268,0.0504,0.7247,0.0001,0.2595,0.0001,0.0001,0.0023,0.0309,0.142,1.136,0.256,0.732,0.415,1.338,1.303,1.714,1.178
12560.3,0.4268,0.0503,0.7216,0.0001,0.2596,0.0001,0.0001,0.0023,0.0309,0.142,1.136,0.256,0.732,0.415,1.338,1.303,1.714,1.178
12580.0,0.4269,0.0503,0.7236,0.0001,0.2596,0.0001,0.0001,0.0023,0.0309,0.142,1.136,0.256,0.732,0.415,1.338,1.303,1.714,1.178
12600.3,0.4267,0.0503,0.7206,0.0001,0.2596,0.0001,0.0001,0.0023,0.0309,0.142,1.136,0.256,0.732,0.415,1.338,1.303,1.714,1.178
12620.1,0.4268,0.0503,0.7204,0.0001,0.2594,0.0001,0.0001,0.0023,0.0309,0.142,1.136,0.256,0.732,0.415,1.338,1.303,1.714,1.178
12640.3,0.4268,0.0503,0.7204,0.0001,0.2597,0.0001,0.0001,0.0022,0.0308,0.142,1.136,0.256,0.732,0.415,1.338,1.303,1.714,1.178
12660.1,0.4268,0.0502,0.7211,0.0001,0.2592,0.0001,0.0001,0.0022,0.0308,0.142,1.136,0.256,0.732,0.415,1.338,1.303,1.714,1.178
12680.3,0.4268,0.0502,0.719,0.0001,0.2601,0.0001,0.0001,0.0022,0.0308,0.142,1.136,0.256,0.732,0.415,1.338,1.303,1.714,1.178
12700.1,0.4269,0.0502,0.7224,0.0001,0.2596,0.0001,0.0001,0.0022,0.0308,0.142,1.136,0.256,0.732,0.415,1.338,1.303,1.714,1.178
12720.3,0.4268,0.0502,0.7221,0.0001,0.2593,0.0001,0.0001,0.0022,0.0308,0.142,1.136,0.256,0.732,0.415,1.338,1.303,1.714,1.178
12740.1,0.4268,0.0502,0.7233,0.0001,0.2594,0.0001,0.0001,0.0022,0.0308,0.142,1.136,0.256,0.732,0.415,1.338,1.303,1.714,1.178
12760.4,0.4267,0.0502,0.7237,0.0001,0.2596,0.0001,0.0001,0.0022,0.0308,0.142,1.136,0.256,0.732,0.415,1.338,1.303,1.714,1.178
12780.1,0.4267,0.0501,0.7203,0.0001,0.2594,0.0001,0.0001,0.0022,0.0307,0.142,1.136,0.256,0.732,0.415,1.338,1.303,1.714,1.178
12800.4,0.4267,0.0501,0.7231,0.0001,0.2596,0.0001,0.0001,0.0022,0.0307,0.142,1.136,0.256,0.732,0.415,1.338,1.303,1.714,1.178
12820.2,0.4266,0.0501,0.7215,0.0001,0.2595,0.0001,0.0001,0.0022,0.0307,0.142,1.136,0.256,0.732,0.415,1.338,1.303,1.714,1.178
12840.4,0.4266,0.0501,0.7203,0.0001,0.2594,0.0001,0.0001,0.0022,0.0307,0.142,1.136,0.256,0.732,0.415,1.338,1.303,1.714,1.178
12860.2,0.4266,0.0501,0.7201,0.0001,0.2597,0.0001,0.0001,0.0022,0.0307,0.142,1.136,0.256,0.732,0.415,1.338,1.303,1.714,1.178
12880.4,0.4265,0.0501,0.7221,0.0001,0.2595,0.0001,0.0001,0.0022,0.0307,0.142,1.136,0.256,0.732,0.415,1.338,1.303,1.714,1.178
12900.2,0.4265,0.05,0.7231,0.0001,0.2596,0.0001,0.0001,0.0022,0.0307,0.142,1.136,0.256,0.732,0.415,1.338,1.303,1.714,1.178
12920.4,0.4265,0.05,0.7226,0.0001,0.2599,0.0001,0.0001,0.0022,0.0306,0.142,1.136,0.256,0.732,0.415,1.338,1.303,1.714,1.178
12940.2,0.4265,0.05,0.7219,0.0001,0.2595,0.0001,0.0001,0.0022,0.0306,0.142,1.136,0.256,0.732,0.415,1.338,1.303,1.714,1.178
12960.0,0.4264,0.05,0.7181,0.0001,0.2596,0.0001,0.0001,0.0022,0.0306,0.142,1.136,0.256,0.732,0.415,1.338,1.303,1.714,1.178
12980.2,0.4264,0.05,0.7194,0.0001,0.2594,0.0001,0.0001,0.0022,0.0306,0.142,1.136,0.256,0.732,0.415,1.338,1.303,1.714,1.178
13000.0,0.4265,0.05,0.7236,0.0001,0.2598,0.0001,0.0001,0.0022,0.0306,0.142,1.136,0.256,0.732,0.415,1.338,1.303,1.714,1.178
13020.3,0.4265,0.0499,0.7214,0.0001,0.2594,0.0001,0.0001,0.0022,0.0306,0.142,1.136,0.256,0.732,0.415,1.338,1.303,1.714,1.178
13040.0,0.4265,0.0499,0.7238,0.0001,0.2596,0.0001,0.0001,0.0022,0.0306,0.142,1.136,0.256,0.732,0.415,1.338,1.303,1.714,1.178
13060.3,0.4264,0.0499,0.7247,0.0001,0.2595,0.0001,0.0001,0.0022,0.0305,0.142,1.136,0.256,0.732,0.415,1.338,1.303,1.714,1.178
13080.1,0.4263,0.0499,0.7224,0.0001,0.2597,0.0001,0.0001,0.0021,0.0305,0.142,1.136,0.256,0.732,0.415,1.338,1.303,1.714,1.178
13100.3,0.4265,0.0499,0.7215,0.0001,0.2595,0.0001,0.0001,0.0021,0.0305,0.142,1.136,0.256,0.732,0.415,1.338,1.303,1.714,1.178
13120.1,0.4263,0.0499,0.7231,0.0001,0.2595,0.0001,0.0001,0.0021,0.0305,0.142,1.136,0.256,0.732,0.415,1.338,1.303,1.714,1.178
13140.3,0.4263,0.0499,0.7191,0.0001,0.2595,0.0001,0.0001,0.0021,0.0305,0.142,1.136,0.256,0.732,0.415,1.338,1.303,1.714,1.178
13160.1,0.4263,0.0498,0.7223,0.0001,0.2598,0.0001,0.0001,0.0021,0.0305,0.142,1.136,0.256,0.732,0.415,1.338,1.303,1.714,1.178
13180.4,0.4263,0.0498,0.7222,0.0001,0.2596,0.0001,0.0001,0.0021,0.0305,0.142,1.136,0.256,0.732,0.415,1.338,1.303,1.714,1.178
13200.1,0.4263,0.0498,0.7226,0.0001,0.2598,0.0001,0.0001,0.0021,0.0304,0.142,1.136,0.256,0.732,0.415,1.338,1.303,1.714,1.178
13220.4,0.4261,0.0498,0.7239,0.0001,0.2596,0.0001,0.0001,0.0021,0.0304,0.142,1.136,0.256,0.732,0.415,1.338,1.303,1.714,1.178
13240.2,0.4261,0.0498,0.7209,0.0001,0.2597,0.0001,0.0001,0.0021,0.0304,0.142,1.136,0.256,0.732,0.415,1.338,1.303,1.714,1.178
13260.4,0.4261,0.0498,0.7248,0.0001,0.2599,0.0001,0.0001,0.0021,0.0304,0.142,1.136,0.256,0.732,0.415,1.338,1.303,1.714,1.178
13280.2,0.4263,0.0497,0.7215,0.0001,0.2597,0.0001,0.0001,0.0021,0.0304,0.142,1.136,0.256,0.732,0.415,1.338,1.303,1.714,1.178
13300.4,0.4261,0.0497,0.7223,0.0001,0.2596,0.0001,0.0001,0.0021,0.0304,0.142,1.136,0.256,0.732,0.415,1.338,1.303,1.714,1.178
13320.2,0.4262,0.0497,0.722,0.0001,0.2599,0.0001,0.0001,0.0021,0.0304,0.142,1.136,0.256,0.732,0.415,1.338,1.303,1.714,1.178
13340.4,0.4262,0.0497,0.7212,0.0001,0.2595,0.0001,0.0001,0.0021,0.0303,0.142,1.136,0.256,0.732,0.415,1.338,1.303,1.714,1.178
13360.2,0.4262,0.0497,0.7217,0.0001,0.2597,0.0001,0.0001,0.0021,0.0303,0.142,1.136,0.256,0.732,0.415,1.338,1.303,1.714,1.178
13380.5,0.4261,0.0497,0.7216,0.0001,0.2596,0.0001,0.0001,0.0021,0.0303,0.142,1.136,0.256,0.732,0.415,1.338,1.303,1.714,1.178
13400.2,0.4261,0.0497,0.7235,0.0001,0.2599,0.0001,0.0001,0.0021,0.0303,0.142,1.136,0.256,0.732,0.415,1.338,1.303,1.714,1.178
13420.0,0.426,0.0496,0.7231,0.0001,0.2597,0.0001,0.0001,0.0021,0.0303,0.142,1.136,0.256,0.732,0.415,1.338,1.303,1.714,1.178
13440.3,0.4262,0.0496,0.7204,0.0001,0.2596,0.0001,0.0001,0.0021,0.0303,0.142,1.136,0.256,0.732,0.415,1.338,1.303,1.714,1.178
13460.0,0.4261,0.0496,0.724,0.0001,0.2597,0.0001,0.0001,0.0021,0.0303,0.142,1.136,0.256,0.732,0.415,1.338,1.303,1.714,1.178
13480.3,0.4259,0.0496,0.7219,0.0001,0.2597,0.0001,0.0001,0.0021,0.0303,0.142,1.136,0.256,0.732,0.415,1.338,1.303,1.714,1.178
13500.1,0.4259,0.0496,0.7232,0.0001,0.2597,0.0001,0.0001,0.0021,0.0302,0.142,1.136,0.256,0.732,0.415,1.338,1.303,1.714,1.178
13520.3,0.4259,0.0496,0.7241,0.0001,0.2596,0.0001,0.0001,0.0021,0.0302,0.142,1.136,0.256,0.732,0.415,1.338,1.303,1.714,1.178
13540.1,0.4259,0.0496,0.721,0.0001,0.2597,0.0001,0.0001,0.0021,0.0302,0.142,1.136,0.256,0.732,0.415,1.338,1.303,1.714,1.178
13560.3,0.4259,0.0495,0.7224,0.0001,0.2598,0.0001,0.0001,0.002,0.0302,0.142,1.136,0.256,0.732,0.415,1.338,1.303,1.714,1.178
13580.1,0.426,0.0495,0.7237,0.0001,0.2599,0.0001,0.0001,0.002,0.0302,0.142,1.136,0.256,0.732,0.415,1.338,1.303,1.714,1.178
13600.3,0.4261,0.0495,0.7211,0.0001,0.2597,0.0001,0.0001,0.002,0.0302,0.142,1.136,0.256,0.732,0.415,1.338,1.303,1.714,1.178
13620.1,0.4259,0.0495,0.7221,0.0001,0.2598,0.0001,0.0001,0.002,0.0302,0.142,1.136,0.256,0.732,0.415,1.338,1.303,1.714,1.178
13640.4,0.4259,0.0495,0.723,0.0001,0.2596,0.0001,0.0001,0.002,0.0301,0.142,1.136,0.256,0.732,0.415,1.338,1.303,1.714,1.178
13660.1,0.4258,0.0495,0.7247,0.0001,0.26,0.0001,0.0001,0.002,0.0301,0.142,1.136,0.256,0.732,0.415,1.338,1.303,1.714,1.178
13680.4,0.4259,0.0495,0.7222,0.0001,0.2599,0.0001,0.0001,0.002,0.0301,0.142,1.136,0.256,0.732,0.415,1.338,1.303,1.714,1.178
13700.2,0.4258,0.0494,0.7241,0.0001,0.2598,0.0001,0.0001,0.002,0.0301,0.142,1.136,0.256,0.732,0.415,1.338,1.303,1.714,1.178
13720.4,0.4258,0.0494,0.723,0.0001,0.2598,0.0001,0.0001,0.002,0.0301,0.142,1.136,0.256,0.732,0.415,1.338,1.303,1.714,1.178
13740.2,0.4257,0.0494,0.7214,0.0001,0.2598,0.0001,0.0001,0.002,0.0301,0.142,1.136,0.256,0.732,0.415,1.338,1.303,1.714,1.178
13760.4,0.4257,0.0494,0.7249,0.0001,0.2598,0.0001,0.0001,0.002,0.0301,0.142,1.136,0.256,0.732,0.415,1.338,1.303,1.714,1.178
13780.2,0.4258,0.0494,0.7219,0.0001,0.2598,0.0001,0.0001,0.002,0.0301,0.142,1.136,0.256,0.732,0.415,1.338,1.303,1.714,1.178
13800.4,0.4256,0.0494,0.7208,0.0001,0.2598,0.0001,0.0001,0.002,0.03,0.142,1.136,0.256,0.732,0.415,1.338,1.303,1.714,1.178
13820.2,0.4257,0.0494,0.7225,0.0001,0.2599,0.0001,0.0001,0.002,0.03,0.142,1.136,0.256,0.732,0.415,1.338,1.303,1.714,1.178
13840.4,0.4257,0.0494,0.7225,0.0001,0.2597,0.0001,0.0001,0.002,0.03,0.142,1.136,0.256,0.732,0.415,1.338,1.303,1.714,1.178
13860.2,0.4257,0.0493,0.7245,0.0001,0.2601,0.0001,0.0001,0.002,0.03,0.142,1.136,0.256,0.732,0.415,1.338,1.303,1.714,1.178
13880.0,0.4256,0.0493,0.7216,0.0001,0.2599,0.0001,0.0001,0.002,0.03,0.142,1.136,0.256,0.732,0.415,1.338,1.303,1.714,1.178
13900.2,0.4256,0.0493,0.7244,0.0001,0.26,0.0001,0.0001,0.002,0.03,0.142,1.136,0.256,0.732,0.415,1.338,1.303,1.714,1.178
13920.0,0.4257,0.0493,0.7218,0.0001,0.2598,0.0001,0.0001,0.002,0.03,0.142,1.136,0.256,0.732,0.415,1.338,1.303,1.714,1.178
13940.3,0.4257,0.0493,0.7217,0.0001,0.2598,0.0001,0.0001,0.002,0.03,0.142,1.136,0.256,0.732,0.415,1.338,1.303,1.714,1.178
13960.0,0.4256,0.0493,0.7213,0.0001,0.2599,0.0001,0.0001,0.002,0.0299,0.142,1.136,0.256,0.732,0.415,1.338,1.303,1.714,1.178
13980.3,0.4256,0.0493,0.7223,0.0001,0.2599,0.0001,0.0001,0.002,0.0299,0.142,1.136,0.256,0.732,0.415,1.338,1.303,1.714,1.178
14000.1,0.4256,0.0492,0.7255,0.0001,0.2598,0.0001,0.0001,0.002,0.0299,0.142,1.136,0.256,0.732,0.415,1.338,1.303,1.714,1.178
14020.3,0.4255,0.0492,0.7218,0.0001,0.2597,0.0001,0.0001,0.002,0.0299,0.142,1.136,0.256,0.732,0.415,1.338,1.303,1.714,1.178
14040.1,0.4254,0.0492,0.7247,0.0001,0.2601,0.0001,0.0001,0.002,0.0299,0.142,1.136,0.256,0.732,0.415,1.338,1.303,1.714,1.178
14060.3,0.4255,0.0492,0.7225,0.0001,0.2599,0.0001,0.0001,0.002,0.0299,0.142,1.136,0.256,0.732,0.415,1.338,1.303,1.714,1.178
14080.1,0.4255,0.0492,0.722,0.0001,0.2598,0.0001,0.0001,0.0019,0.0299,0.142,1.136,0.256,0.732,0.415,1.338,1.303,1.714,1.178
14100.3,0.4255,0.0492,0.7257,0.0001,0.2601,0.0001,0.0001,0.0019,0.0299,0.142,1.136,0.256,0.732,0.415,1.338,1.303,1.714,1.178
14120.1,0.4255,0.0492,0.7237,0.0001,0.2598,0.0001,0.0001,0.0019,0.0298,0.142,1.136,0.256,0.732,0.415,1.338,1.303,1.714,1.178
14140.4,0.4254,0.0492,0.7213,0.0001,0.2601,0.0001,0.0001,0.0019,0.0298,0.142,1.136,0.256,0.732,0.415,1.338,1.303,1.714,1.178
14160.1,0.4254,0.0491,0.7246,0.0001,0.2598,0.0001,0.0001,0.0019,0.0298,0.142,1.136,0.256,0.732,0.415,1.338,1.303,1.714,1.178
14180.4,0.4255,0.0491,0.7251,0.0001,0.2597,0.0001,0.0001,0.0019,0.0298,0.142,1.136,0.256,0.732,0.415,1.338,1.303,1.714,1.178
14200.2,0.4254,0.0491,0.7237,0.0001,0.2598,0.0001,0.0001,0.0019,0.0298,0.142,1.136,0.256,0.732,0.415,1.338,1.303,1.714,1.178
14220.4,0.4254,0.0491,0.7226,0.0001,0.2602,0.0001,0.0001,0.0019,0.0298,0.142,1.136,0.256,0.732,0.415,1.338,1.303,1.714,1.178
14240.2,0.4254,0.0491,0.7224,0.0001,0.2597,0.0001,0.0001,0.0019,0.0298,0.142,1.136,0.256,0.732,0.415,1.338,1.303,1.714,1.178
14260.4,0.4254,0.0491,0.7189,0.0001,0.2599,0.0001,0.0001,0.0019,0.0298,0.142,1.136,0.256,0.732,0.415,1.338,1.303,1.714,1.178
14280.2,0.4253,0.0491,0.7231,0.0001,0.2599,0.0001,0.0001,0.0019,0.0298,0.142,1.136,0.256,0.732,0.415,1.338,1.303,1.714,1.178
14300.4,0.4253,0.0491,0.7206,0.0001,0.2601,0.0001,0.0001,0.0019,0.0297,0.142,1.136,0.256,0.732,0.415,1.338,1.303,1.714,1.178
14320.2,0.4253,0.049,0.7225,0.0001,0.2598,0.0001,0.0001,0.0019,0.0297,0.142,1.136,0.256,0.732,0.415,1.338,1.303,1.714,1.178
14340.0,0.4253,0.049,0.7234,0.0001,0.2602,0.0001,0.0001,0.0019,0.0297,0.142,1.136,0.256,0.732,0.415,1.338,1.303,1.714,1.178
14360.2,0.4253,0.049,0.7211,0.0001,0.2596,0.0001,0.0001,0.0019,0.0297,0.142,1.136,0.256,0.732,0.415,1.338,1.303,1.714,1.178
14380.0,0.4253,0.049,0.7229,0.0001,0.2601,0.0001,0.0001,0.0019,0.0297,0.142,1.136,0.256,0.732,0.415,1.338,1.303,1.714,1.178
14400.3,0.4252,0.049,0.7223,0.0001,0.26,0.0001,0.0001,0.0019,0.0297,0.142,1.136,0.256,0.732,0.415,1.338,1.303,1.714,1.178
14420.0,0.4252,0.049,0.7213,0.0001,0.2598,0.0001,0.0001,0.0019,0.0297,0.142,1.136,0.256,0.732,0.415,1.338,1.303,1.714,1.178
14440.3,0.4253,0.049,0.7218,0.0001,0.2602,0.0001,0.0001,0.0019,0.0297,0.142,1.136,0.256,0.732,0.415,1.338,1.303,1.714,1.178
14460.1,0.4253,0.049,0.7218,0.0001,0.26,0.0001,0.0001,0.0019,0.0297,0.142,1.136,0.256,0.732,0.415,1.338,1.303,1.714,1.178
14480.3,0.4252,0.0489,0.7238,0.0001,0.2603,0.0001,0.0001,0.0019,0.0296,0.142,1.136,0.256,0.732,0.415,1.338,1.303,1.714,1.178
14500.1,0.425,0.0489,0.7232,0.0001,0.2602,0.0001,0.0001,0.0019,0.0296,0.142,1.136,0.256,0.732,0.415,1.338,1.303,1.714,1.178
14520.3,0.425,0.0489,0.7211,0.0001,0.2602,0.0001,0.0001,0.0019,0.0296,0.142,1.136,0.256,0.732,0.415,1.338,1.303,1.714,1.178
14540.1,0.4251,0.0489,0.723,0.0001,0.26,0.0001,0.0001,0.0019,0.0296,0.142,1.136,0.256,0.732,0.415,1.338,1.303,1.714,1.178
14560.3,0.4251,0.0489,0.7212,0.0001,0.2599,0.0001,0.0001,0.0019,0.0296,0.142,1.136,0.256,0.732,0.415,1.338,1.303,1.714,1.178
14580.1,0.425,0.0489,0.7233,0.0001,0.26,0.0001,0.0001,0.0019,0.0296,0.142,1.136,0.256,0.732,0.415,1.338,1.303,1.714,1.178
14600.4,0.4251,0.0489,0.7195,0.0001,0.2601,0.0001,0.0001,0.0019,0.0296,0.142,1.136,0.256,0.732,0.415,1.338,1.303,1.714,1.178
14620.1,0.4252,0.0489,0.721,0.0001,0.2601,0.0001,0.0001,0.0019,0.0296,0.142,1.136,0.256,0.732,0.415,1.338,1.303,1.714,1.178
14640.4,0.4251,0.0489,0.7232,0.0001,0.2598,0.0001,0.0001,0.0019,0.0296,0.142,1.136,0.256,0.732,0.415,1.338,1.303,1.714,1.178
14660.2,0.425,0.0488,0.7211,0.0001,0.2599,0.0001,0.0001,0.0018,0.0295,0.142,1.136,0.256,0.732,0.415,1.338,1.303,1.714,1.178
14680.4,0.4251,0.0488,0.724,0.0001,0.2601,0.0001,0.0001,0.0018,0.0295,0.142,1.136,0.256,0.732,0.415,1.338,1.303,1.714,1.178
14700.2,0.4251,0.0488,0.7233,0.0001,0.2601,0.0001,0.0001,0.0018,0.0295,0.142,1.136,0.256,0.732,0.415,1.338,1.303,1.714,1.178
14720.4,0.425,0.0488,0.7218,0.0001,0.2602,0.0001,0.0001,0.0018,0.0295,0.142,1.136,0.256,0.732,0.415,1.338,1.303,1.714,1.178
14740.2,0.4249,0.0488,0.721,0.0001,0.26,0.0001,0.0001,0.0018,0.0295,0.142,1.136,0.256,0.732,0.415,1.338,1.303,1.714,1.178
14760.4,0.425,0.0488,0.7245,0.0001,0.2602,0.0001,0.0001,0.0018,0.0295,0.142,1.136,0.256,0.732,0.415,1.338,1.303,1.714,1.178
14780.2,0.4249,0.0488,0.7233,0.0001,0.2602,0.0001,0.0001,0.0018,0.0295,0.142,1.136,0.256,0.732,0.415,1.338,1.303,1.714,1.178
14800.0,0.425,0.0488,0.7223,0.0001,0.2602,0.0001,0.0001,0.0018,0.0295,0.142,1.136,0.256,0.732,0.415,1.338,1.303,1.714,1.178
14820.2,0.4249,0.0488,0.7231,0.0001,0.2599,0.0001,0.0001,0.0018,0.0295,0.142,1.136,0.256,0.732,0.415,1.338,1.303,1.714,1.178
14840.0,0.425,0.0487,0.723,0.0001,0.2601,0.0001,0.0001,0.0018,0.0294,0.142,1.136,0.256,0.732,0.415,1.338,1.303,1.714,1.178
14860.3,0.4249,0.0487,0.7242,0.0001,0.2603,0.0001,0.0001,0.0018,0.0294,0.142,1.136,0.256,0.732,0.415,1.338,1.303,1.714,1.178
14880.0,0.4249,0.0487,0.7206,0.0001,0.2599,0.0001,0.0001,0.0018,0.0294,0.142,1.136,0.256,0.732,0.415,1.338,1.303,1.714,1.178
14900.3,0.4249,0.0487,0.7194,0.0001,0.2602,0.0001,0.0001,0.0018,0.0294,0.142,1.136,0.256,0.732,0.415,1.338,1.303,1.714,1.178
14920.1,0.4248,0.0487,0.7246,0.0001,0.2602,0.0001,0.0001,0.0018,0.0294,0.142,1.136,0.256,0.732,0.415,1.338,1.303,1.714,1.178
14940.3,0.425,0.0487,0.72,0.0001,0.2601,0.0001,0.0001,0.0018,0.0294,0.142,1.136,0.256,0.732,0.415,1.338,1.303,1.714,1.178
14960.1,0.4248,0.0487,0.7216,0.0001,0.2603,0.0001,0.0001,0.0018,0.0294,0.142,1.136,0.256,0.732,0.415,1.338,1.303,1.714,1.178
14980.3,0.4248,0.0487,0.7207,0.0001,0.2599,0.0001,0.0001,0.0018,0.0294,0.142,1.136,0.256,0.732,0.415,1.338,1.303,1.714,1.178
15000.1,0.4248,0.0487,0.7225,0.0001,0.2601,0.0001,0.0001,0.0018,0.0294,0.142,1.136,0.256,0.732,0.415,1.338,1.303,1.714,1.178
15020.3,0.4247,0.0486,0.7239,0.0001,0.2601,0.0001,0.0001,0.0018,0.0294,0.142,1.136,0.256,0.732,0.415,1.338,1.303,1.714,1.178
15040.1,0.4247,0.0486,0.7223,0.0001,0.2603,0.0001,0.0001,0.0018,0.0293,0.142,1.136,0.256,0.732,0.415,1.338,1.303,1.714,1.178
15060.4,0.4247,0.0486,0.7223,0.0001,0.2599,0.0001,0.0001,0.0018,0.0293,0.142,1.136,0.256,0.732,0.415,1.338,1.303,1.714,1.178
15080.1,0.4248,0.0486,0.7231,0.0001,0.2603,0.0001,0.0001,0.0018,0.0293,0.142,1.136,0.256,0.732,0.415,1.338,1.303,1.714,1.178
15100.4,0.4248,0.0486,0.7229,0.0001,0.26,0.0001,0.0001,0.0018,0.0293,0.142,1.136,0.256,0.732,0.415,1.338,1.303,1.714,1.178
15120.2,0.4248,0.0486,0.7247,0.0001,0.2602,0.0001,0.0001,0.0018,0.0293,0.142,1.136,0.256,0.732,0.415,1.338,1.303,1.714,1.178
15140.4,0.4247,0.0486,0.7225,0.0001,0.2603,0.0001,0.0001,0.0018,0.0293,0.142,1.136,0.256,0.732,0.415,1.338,1.303,1.714,1.178
15160.2,0.4247,0.0486,0.725,0.0001,0.2602,0.0001,0.0001,0.0018,0.0293,0.142,1.136,0.256,0.732,0.415,1.338,1.303,1.714,1.178
15180.4,0.4247,0.0486,0.7235,0.0001,0.2602,0.0001,0.0001,0.0018,0.0293,0.142,1.136,0.256,0.732,0.415,1.338,1.303,1.714,1.178
15200.2,0.4246,0.0485,0.7232,0.0001,0.2603,0.0001,0.0001,0.0018,0.0293,0.142,1.136,0.256,0.732,0.415,1.338,1.303,1.714,1.178
15220.4,0.4245,0.0485,0.7227,0.0001,0.2602,0.0001,0.0001,0.0018,0.0293,0.142,1.136,0.256,0.732,0.415,1.338,1.303,1.714,1.178
15240.2,0.4246,0.0485,0.7213,0.0001,0.26,0.0001,0.0001,0.0018,0.0292,0.142,1.136,0.256,0.732,0.415,1.338,1.303,1.714,1.178
15260.5,0.4245,0.0485,0.7247,0.0001,0.2602,0.0001,0.0001,0.0018,0.0292,0.142,1.136,0.256,0.732,0.415,1.338,1.303,1.714,1.178
15280.2,0.4246,0.0485,0.722,0.0001,0.2601,0.0001,0.0001,0.0018,0.0292,0.142,1.136,0.256,0.732,0.415,1.338,1.303,1.714,1.178
15300.0,0.4247,0.0485,0.7223,0.0001,0.2601,0.0001,0.0001,0.0017,0.0292,0.142,1.136,0.256,0.732,0.415,1.338,1.303,1.714,1.178
15320.3,0.4248,0.0485,0.723,0.0001,0.2602,0.0001,0.0001,0.0017,0.0292,0.142,1.136,0.256,0.732,0.415,1.338,1.303,1.714,1.178
15340.0,0.4246,0.0485,0.7212,0.0001,0.26,0.0001,0.0001,0.0017,0.0292,0.142,1.136,0.256,0.732,0.415,1.338,1.303,1.714,1.178
15360.3,0.4245,0.0485,0.7221,0.0001,0.2602,0.0001,0.0001,0.0017,0.0292,0.142,1.136,0.256,0.732,0.415,1.338,1.303,1.714,1.178
15380.1,0.4246,0.0485,0.7239,0.0001,0.2601,0.0001,0.0001,0.0017,0.0292,0.142,1.136,0.256,0.732,0.415,1.338,1.303,1.714,1.178
15400.3,0.4245,0.0484,0.7247,0.0001,0.2602,0.0001,0.0001,0.0017,0.0292,0.142,1.136,0.256,0.732,0.415,1.338,1.303,1.714,1.178
15420.1,0.4244,0.0484,0.7206,0.0001,0.2604,0.0001,0.0001,0.0017,0.0292,0.142,1.136,0.256,0.732,0.415,1.338,1.303,1.714,1.178
15440.3,0.4244,0.0484,0.7207,0.0001,0.2602,0.0001,0.0001,0.0017,0.0291,0.142,1.136,0.256,0.732,0.415,1.338,1.303,1.714,1.178
15460.1,0.4243,0.0484,0.7224,0.0001,0.2601,0.0001,0.0001,0.0017,0.0291,0.142,1.136,0.256,0.732,0.415,1.338,1.303,1.714,1.178
15480.3,0.4244,0.0484,0.7228,0.0001,0.2602,0.0001,0.0001,0.0017,0.0291,0.142,1.136,0.256,0.732,0.415,1.338,1.303,1.714,1.178
15500.1,0.4245,0.0484,0.7255,0.0001,0.2604,0.0001,0.0001,0.0017,0.0291,0.142,1.136,0.256,0.732,0.415,1.338,1.303,1.714,1.178
15520.3,0.4245,0.0484,0.7218,0.0001,0.2603,0.0001,0.0001,0.0017,0.0291,0.142,1.136,0.256,0.732,0.415,1.338,1.303,1.714,1.178
15540.1,0.4246,0.0484,0.7217,0.0001,0.2603,0.0001,0.0001,0.0017,0.0291,0.142,1.136,0.256,0.732,0.415,1.338,1.303,1.714,1.178
15560.4,0.4246,0.0484,0.7228,0.0001,0.2601,0.0001,0.0001,0.0017,0.0291,0.142,1.136,0.256,0.732,0.415,1.338,1.303,1.714,1.178
15580.1,0.4245,0.0484,0.7213,0.0001,0.2602,0.0001,0.0001,0.0017,0.0291,0.142,1.136,0.256,0.732,0.415,1.338,1.303,1.714,1.178
15600.4,0.4244,0.0483,0.7209,0.0001,0.2603,0.0001,0.0001,0.0017,0.0291,0.142,1.136,0.256,0.732,0.415,1.338,1.303,1.714,1.178
15620.2,0.4244,0.0483,0.7234,0.0001,0.2604,0.0001,0.0001,0.0017,0.0291,0.142,1.136,0.256,0.732,0.415,1.338,1.303,1.714,1.178
15640.4,0.4243,0.0483,0.7203,0.0001,0.2601,0.0001,0.0001,0.0017,0.0291,0.142,1.136,0.256,0.732,0.415,1.338,1.303,1.714,1.178
15660.2,0.4243,0.0483,0.7237,0.0001,0.2604,0.0001,0.0001,0.0017,0.029,0.142,1.136,0.256,0.732,0.415,1.338,1.303,1.714,1.178
15680.4,0.4243,0.0483,0.7236,0.0001,0.2602,0.0001,0.0001,0.0017,0.029,0.142,1.136,0.256,0.732,0.415,1.338,1.303,1.714,1.178
15700.2,0.4242,0.0483,0.723,0.0001,0.2603,0.0001,0.0001,0.0017,0.029,0.142,1.136,0.256,0.732,0.415,1.338,1.303,1.714,1.178
15720.4,0.4242,0.0483,0.7224,0.0001,0.2603,0.0001,0.0001,0.0017,0.029,0.142,1.136,0.256,0.732,0.415,1.338,1.303,1.714,1.178
15740.2,0.4244,0.0483,0.723,0.0001,0.2602,0.0001,0.0001,0.0017,0.029,0.142,1.136,0.256,0.732,0.415,1.338,1.303,1.714,1.178
15760.0,0.4245,0.0483,0.7254,0.0001,0.2603,0.0001,0.0001,0.0017,0.029,0.142,1.136,0.256,0.732,0.415,1.338,1.303,1.714,1.178
15780.2,0.4243,0.0483,0.7239,0.0001,0.2604,0.0001,0.0001,0.0017,0.029,0.142,1.136,0.256,0.732,0.415,1.338,1.303,1.714,1.178
15800.0,0.4242,0.0483,0.7227,0.0001,0.2602,0.0001,0.0001,0.0017,0.029,0.142,1.136,0.256,0.732,0.415,1.338,1.303,1.714,1.178
15820.3,0.4243,0.0482,0.7246,0.0001,0.2602,0.0001,0.0001,0.0017,0.029,0.142,1.136,0.256,0.732,0.415,1.338,1.303,1.714,1.178
15840.0,0.4242,0.0482,0.7232,0.0001,0.2604,0.0001,0.0001,0.0017,0.029,0.142,1.136,0.256,0.732,0.415,1.338,1.303,1.714,1.178
15860.3,0.4242,0.0482,0.7227,0.0001,0.2604,0.0001,0.0001,0.0017,0.029,0.142,1.136,0.256,0.732,0.415,1.338,1.303,1.714,1.178
15880.1,0.4242,0.0482,0.7217,0.0001,0.2604,0.0001,0.0001,0.0017,0.0289,0.142,1.136,0.256,0.732,0.415,1.338,1.303,1.714,1.178
15900.3,0.4242,0.0482,0.7225,0.0001,0.2603,0.0001,0.0001,0.0017,0.0289,0.142,1.136,0.256,0.732,0.415,1.338,1.303,1.714,1.178
15920.1,0.4242,0.0482,0.7213,0.0001,0.2604,0.0001,0.0001,0.0017,0.0289,0.142,1.136,0.256,0.732,0.415,1.338,1.303,1.714,1.178
15940.3,0.4242,0.0482,0.7225,0.0001,0.2602,0.0001,0.0001,0.0017,0.0289,0.142,1.136,0.256,0.732,0.415,1.338,1.303,1.714,1.178
15960.1,0.4242,0.0482,0.7219,0.0001,0.26,0.0001,0.0001,0.0017,0.0289,0.142,1.136,0.256,0.732,0.415,1.338,1.303,1.714,1.178
15980.3,0.4242,0.0482,0.7214,0.0001,0.2603,0.0001,0.0001,0.0017,0.0289,0.142,1.136,0.256,0.732,0.415,1.338,1.303,1.714,1.178
16000.1,0.4242,0.0482,0.7219,0.0001,0.2603,0.0001,0.0001,0.0017,0.0289,0.142,1.136,0.256,0.732,0.415,1.338,1.303,1.714,1.178
16020.4,0.4243,0.0481,0.7228,0.0001,0.2606,0.0001,0.0001,0.0017,0.0289,0.142,1.136,0.256,0.732,0.415,1.338,1.303,1.714,1.178
16040.1,0.4241,0.0481,0.7241,0.0001,0.2604,0.0001,0.0001,0.0016,0.0289,0.142,1.136,0.256,0.732,0.415,1.338,1.303,1.714,1.178
16060.4,0.4241,0.0481,0.722,0.0001,0.2604,0.0001,0.0001,0.0016,0.0289,0.142,1.136,0.256,0.732,0.415,1.338,1.303,1.714,1.178
16080.2,0.424,0.0481,0.723,0.0001,0.2605,0.0001,0.0001,0.0016,0.0289,0.142,1.136,0.256,0.732,0.415,1.338,1.303,1.714,1.178
16100.4,0.4241,0.0481,0.7209,0.0001,0.2602,0.0001,0.0001,0.0016,0.0289,0.142,1.136,0.256,0.732,0.415,1.338,1.303,1.714,1.178
16120.2,0.4241,0.0481,0.7237,0.0001,0.2606,0.0001,0.0001,0.0016,0.0288,0.142,1.136,0.256,0.732,0.415,1.338,1.303,1.714,1.178
16140.4,0.424,0.0481,0.7229,0.0001,0.2601,0.0001,0.0001,0.0016,0.0288,0.142,1.136,0.256,0.732,0.415,1.338,1.303,1.714,1.178
16160.2,0.424,0.0481,0.7241,0.0001,0.2603,0.0001,0.0001,0.0016,0.0288,0.142,1.136,0.256,0.732,0.415,1.338,1.303,1.714,1.178
16180.4,0.424,0.0481,0.7242,0.0001,0.2603,0.0001,0.0001,0.0016,0.0288,0.142,1.136,0.256,0.732,0.415,1.338,1.303,1.714,1.178
16200.2,0.4241,0.0481,0.7231,0.0001,0.2603,0.0001,0.0001,0.0016,0.0288,0.142,1.136,0.256,0.732,0.415,1.338,1.303,1.714,1.178
16220.4,0.4241,0.0481,0.7229,0.0001,0.2602,0.0001,0.0001,0.0016,0.0288,0.142,1.136,0.256,0.732,0.415,1.338,1.303,1.714,1.178
16240.2,0.4239,0.0481,0.7237,0.0001,0.2605,0.0001,0.0001,0.0016,0.0288,0.142,1.136,0.256,0.732,0.415,1.338,1.303,1.714,1.178
16260.0,0.4238,0.048,0.7221,0.0001,0.2604,0.0001,0.0001,0.0016,0.0288,0.142,1.136,0.256,0.732,0.415,1.338,1.303,1.714,1.178
16280.2,0.4239,0.048,0.7244,0.0001,0.2602,0.0001,0.0001,0.0016,0.0288,0.142,1.136,0.256,0.732,0.415,1.338,1.303,1.714,1.178
16300.0,0.4239,0.048,0.723,0.0001,0.2603,0.0001,0.0001,0.0016,0.0288,0.142,1.136,0.256,0.732,0.415,1.338,1.303,1.714,1.178
16320.3,0.424,0.048,0.7257,0.0001,0.2605,0.0001,0.0001,0.0016,0.0288,0.142,1.136,0.256,0.732,0.415,1.338,1.303,1.714,1.178
16340.0,0.4241,0.048,0.7249,0.0001,0.2605,0.0001,0.0001,0.0016,0.0287,0.142,1.136,0.256,0.732,0.415,1.338,1.303,1.714,1.178
16360.3,0.424,0.048,0.7253,0.0001,0.2606,0.0001,0.0001,0.0016,0.0287,0.142,1.136,0.256,0.732,0.415,1.338,1.303,1.714,1.178
16380.1,0.4238,0.048,0.7214,0.0001,0.2603,0.0001,0.0001,0.0016,0.0287,0.142,1.136,0.256,0.732,0.415,1.338,1.303,1.714,1.178
16400.3,0.4239,0.048,0.7213,0.0001,0.2602,0.0001,0.0001,0.0016,0.0287,0.142,1.136,0.256,0.732,0.415,1.338,1.303,1.714,1.178
16420.1,0.4239,0.048,0.7221,0.0001,0.2603,0.0001,0.0001,0.0016,0.0287,0.142,1.136,0.256,0.732,0.415,1.338,1.303,1.714,1.178
16440.3,0.4239,0.048,0.7224,0.0001,0.2603,0.0001,0.0001,0.0016,0.0287,0.142,1.136,0.256,0.732,0.415,1.338,1.303,1.714,1.178
16460.1,0.4238,0.048,0.7244,0.0001,0.2603,0.0001,0.0001,0.0016,0.0287,0.142,1.136,0.256,0.732,0.415,1.338,1.303,1.714,1.178
16480.3,0.4238,0.0479,0.7251,0.0001,0.2605,0.0001,0.0001,0.0016,0.0287,0.142,1.136,0.256,0.732,0.415,1.338,1.303,1.714,1.178
16500.1,0.4238,0.0479,0.7229,0.0001,0.2604,0.0001,0.0001,0.0016,0.0287,0.142,1.136,0.256,0.732,0.415,1.338,1.303,1.714,1.178
16520.4,0.4237,0.0479,0.7251,0.0001,0.2606,0.0001,0.0001,0.0016,0.0287,0.142,1.136,0.256,0.732,0.415,1.338,1.303,1.714,1.178
16540.1,0.424,0.0479,0.722,0.0001,0.2604,0.0001,0.0001,0.0016,0.0287,0.142,1.136,0.256,0.732,0.415,1.338,1.303,1.714,1.178
16560.4,0.4238,0.0479,0.7223,0.0001,0.2604,0.0001,0.0001,0.0016,0.0287,0.142,1.136,0.256,0.732,0.415,1.338,1.303,1.714,1.178
16580.2,0.4238,0.0479,0.7234,0.0001,0.2606,0.0001,0.0001,0.0016,0.0287,0.142,1.136,0.256,0.732,0.415,1.338,1.303,1.714,1.178
16600.4,0.4238,0.0479,0.7215,0.0001,0.2604,0.0001,0.0001,0.0016,0.0286,0.142,1.136,0.256,0.732,0.415,1.338,1.303,1.714,1.178
16620.2,0.4237,0.0479,0.7228,0.0001,0.2604,0.0001,0.0001,0.0016,0.0286,0.142,1.136,0.256,0.732,0.415,1.338,1.303,1.714,1.178
16640.4,0.4238,0.0479,0.7239,0.0001,0.2604,0.0001,0.0001,0.0016,0.0286,0.142,1.136,0.256,0.732,0.415,1.338,1.303,1.714,1.178
16660.2,0.4237,0.0479,0.7227,0.0001,0.2603,0.0001,0.0001,0.0016,0.0286,0.142,1.136,0.256,0.732,0.415,1.338,1.303,1.714,1.178
16680.4,0.4237,0.0479,0.7217,0.0001,0.2605,0.0001,0.0001,0.0016,0.0286,0.142,1.136,0.256,0.732,0.415,1.338,1.303,1.714,1.178
16700.2,0.4236,0.0479,0.7229,0.0001,0.2604,0.0001,0.0001,0.0016,0.0286,0.142,1.136,0.256,0.732,0.415,1.338,1.303,1.714,1.178
16720.5,0.4236,0.0478,0.7226,0.0001,0.2604,0.0001,0.0001,0.0016,0.0286,0.142,1.136,0.256,0.732,0.415,1.338,1.303,1.714,1.178
16740.2,0.4238,0.0478,0.7226,0.0001,0.2603,0.0001,0.0001,0.0016,0.0286,0.142,1.136,0.256,0.732,0.415,1.338,1.303,1.714,1.178
16760.0,0.4239,0.0478,0.7242,0.0001,0.2605,0.0001,0.0001,0.0016,0.0286,0.142,1.136,0.256,0.732,0.415,1.338,1.303,1.714,1.178
16780.3,0.4238,0.0478,0.7225,0.0001,0.2605,0.0001,0.0001,0.0016,0.0286,0.142,1.136,0.256,0.732,0.415,1.338,1.303,1.714,1.178
16800.0,0.4237,0.0478,0.7237,0.0001,0.2603,0.0001,0.0001,0.0016,0.0286,0.142,1.136,0.256,0.732,0.415,1.338,1.303,1.714,1.178
16820.3,0.4237,0.0478,0.724,0.0001,0.2607,0.0001,0.0001,0.0016,0.0286,0.142,1.136,0.256,0.732,0.415,1.338,1.303,1.714,1.178
16840.1,0.4236,0.0478,0.7231,0.0001,0.2603,0.0001,0.0001,0.0016,0.0285,0.142,1.136,0.256,0.732,0.415,1.338,1.303,1.714,1.178
16860.3,0.4236,0.0478,0.7254,0.0001,0.2608,0.0001,0.0001,0.0015,0.0285,0.142,1.136,0.256,0.732,0.415,1.338,1.303,1.714,1.178
16880.1,0.4236,0.0478,0.7233,0.0001,0.2602,0.0001,0.0001,0.0015,0.0285,0.142,1.136,0.256,0.732,0.415,1.338,1.303,1.714,1.178
16900.3,0.4235,0.0478,0.7234,0.0001,0.2605,0.0001,0.0001,0.0015,0.0285,0.142,1.136,0.256,0.732,0.415,1.338,1.303,1.714,1.178
16920.1,0.4237,0.0478,0.7213,0.0001,0.2604,0.0001,0.0001,0.0015,0.0285,0.142,1.136,0.256,0.732,0.415,1.338,1.303,1.714,1.178
16940.3,0.4236,0.0478,0.7236,0.0001,0.2605,0.0001,0.0001,0.0015,0.0285,0.142,1.136,0.256,0.732,0.415,1.338,1.303,1.714,1.178
16960.1,0.4237,0.0477,0.7229,0.0001,0.2605,0.0001,0.0001,0.0015,0.0285,0.142,1.136,0.256,0.732,0.415,1.338,1.303,1.714,1.178
16980.3,0.4236,0.0477,0.7229,0.0001,0.2604,0.0001,0.0001,0.0015,0.0285,0.142,1.136,0.256,0.732,0.415,1.338,1.303,1.714,1.178
17000.1,0.4237,0.0477,0.7244,0.0001,0.2604,0.0001,0.0001,0.0015,0.0285,0.142,1.136,0.256,0.732,0.415,1.338,1.303,1.714,1.178
17020.4,0.4235,0.0477,0.7247,0.0001,0.2605,0.0001,0.0001,0.0015,0.0285,0.142,1.136,0.256,0.732,0.415,1.338,1.303,1.714,1.178
17040.1,0.4235,0.0477,0.725,0.0001,0.2606,0.0001,0.0001,0.0015,0.0285,0.142,1.136,0.256,0.732,0.415,1.338,1.303,1.714,1.178
17060.4,0.4235,0.0477,0.7227,0.0001,0.2605,0.0001,0.0001,0.0015,0.0285,0.142,1.136,0.256,0.732,0.415,1.338,1.303,1.714,1.178
17080.2,0.4235,0.0477,0.7216,0.0001,0.2606,0.0001,0.0001,0.0015,0.0285,0.142,1.136,0.256,0.732,0.415,1.338,1.303,1.714,1.178
17100.4,0.4235,0.0477,0.7225,0.0001,0.2604,0.0001,0.0001,0.0015,0.0285,0.142,1.136,0.256,0.732,0.415,1.338,1.303,1.714,1.178
17120.2,0.4235,0.0477,0.7211,0.0001,0.2605,0.0001,0.0001,0.0015,0.0284,0.142,1.136,0.256,0.732,0.415,1.338,1.303,1.714,1.178
17140.4,0.4236,0.0477,0.7219,0.0001,0.2605,0.0001,0.0001,0.0015,0.0284,0.142,1.136,0.256,0.732,0.415,1.338,1.303,1.714,1.178
17160.2,0.4235,0.0477,0.7245,0.0001,0.2604,0.0001,0.0001,0.0015,0.0284,0.142,1.136,0.256,0.732,0.415,1.338,1.303,1.714,1.178
17180.4,0.4235,0.0477,0.7251,0.0001,0.2607,0.0001,0.0001,0.0015,0.0284,0.142,1.136,0.256,0.732,0.415,1.338,1.303,1.714,1.178
17200.2,0.4236,0.0477,0.721,0.0001,0.2605,0.0001,0.0001,0.0015,0.0284,0.142,1.136,0.256,0.732,0.415,1.338,1.303,1.714,1.178
17220.4,0.4235,0.0476,0.724,0.0001,0.2605,0.0001,0.0001,0.0015,0.0284,0.142,1.136,0.256,0.732,0.415,1.338,1.303,1.714,1.178
17240.2,0.4233,0.0476,0.7233,0.0001,0.2604,0.0001,0.0001,0.0015,0.0284,0.142,1.136,0.256,0.732,0.415,1.338,1.303,1.714,1.178
17260.0,0.4234,0.0476,0.7206,0.0001,0.2606,0.0001,0.0001,0.0015,0.0284,0.142,1.136,0.256,0.732,0.415,1.338,1.303,1.714,1.178
17280.2,0.4235,0.0476,0.7208,0.0001,0.2605,0.0001,0.0001,0.0015,0.0284,0.142,1.136,0.256,0.732,0.415,1.338,1.303,1.714,1.178
17300.0,0.4235,0.0476,0.7253,0.0001,0.2604,0.0001,0.0001,0.0015,0.0284,0.142,1.136,0.256,0.732,0.415,1.338,1.303,1.714,1.178
17320.3,0.4236,0.0476,0.7238,0.0001,0.2607,0.0001,0.0001,0.0015,0.0284,0.142,1.136,0.256,0.732,0.415,1.338,1.303,1.714,1.178
17340.0,0.4234,0.0476,0.7234,0.0001,0.2605,0.0001,0.0001,0.0015,0.0284,0.142,1.136,0.256,0.732,0.415,1.338,1.303,1.714,1.178
17360.3,0.4234,0.0476,0.724,0.0001,0.2607,0.0001,0.0001,0.0015,0.0284,0.142,1.136,0.256,0.732,0.415,1.338,1.303,1.714,1.178
17380.1,0.4233,0.0476,0.7201,0.0001,0.2604,0.0001,0.0001,0.0015,0.0283,0.142,1.136,0.256,0.732,0.415,1.338,1.303,1.714,1.178
17400.3,0.4234,0.0476,0.7236,0.0001,0.2605,0.0001,0.0001,0.0015,0.0283,0.142,1.136,0.256,0.732,0.415,1.338,1.303,1.714,1.178
17420.1,0.4233,0.0476,0.7209,0.0001,0.2605,0.0001,0.0001,0.0015,0.0283,0.142,1.136,0.256,0.732,0.415,1.338,1.303,1.714,1.178
17440.3,0.4232,0.0476,0.7232,0.0001,0.2607,0.0001,0.0001,0.0015,0.0283,0.142,1.136,0.256,0.732,0.415,1.338,1.303,1.714,1.178
17460.1,0.4232,0.0476,0.7235,0.0001,0.2605,0.0001,0.0001,0.0015,0.0283,0.142,1.136,0.256,0.732,0.415,1.338,1.303,1.714,1.178
17480.3,0.4233,0.0475,0.7238,0.0001,0.2607,0.0001,0.0001,0.0015,0.0283,0.142,1.136,0.256,0.732,0.415,1.338,1.303,1.714,1.178
17500.1,0.4234,0.0475,0.7235,0.0001,0.2606,0.0001,0.0001,0.0015,0.0283,0.142,1.136,0.256,0.732,0.415,1.338,1.303,1.714,1.178
17520.4,0.4233,0.0475,0.7236,0.0001,0.2607,0.0001,0.0001,0.0015,0.0283,0.142,1.136,0.256,0.732,0.415,1.338,1.303,1.714,1.178
17540.1,0.4233,0.0475,0.7255,0.0001,0.2606,0.0001,0.0001,0.0015,0.0283,0.142,1.136,0.256,0.732,0.415,1.338,1.303,1.714,1.178
17560.4,0.4234,0.0475,0.7246,0.0001,0.2604,0.0001,0.0001,0.0015,0.0283,0.142,1.136,0.256,0.732,0.415,1.338,1.303,1.714,1.178
17580.2,0.4232,0.0475,0.7237,0.0001,0.2606,0.0001,0.0001,0.0015,0.0283,0.142,1.136,0.256,0.732,0.415,1.338,1.303,1.714,1.178
17600.4,0.4232,0.0475,0.7224,0.0001,0.2606,0.0001,0.0001,0.0015,0.0283,0.142,1.136,0.256,0.732,0.415,1.338,1.303,1.714,1.178
17620.2,0.4232,0.0475,0.7207,0.0001,0.2604,0.0001,0.0001,0.0015,0.0283,0.142,1.136,0.256,0.732,0.415,1.338,1.303,1.714,1.178
17640.4,0.4232,0.0475,0.7223,0.0001,0.2606,0.0001,0.0001,0.0015,0.0283,0.142,1.136,0.256,0.732,0.415,1.338,1.303,1.714,1.178
17660.2,0.4231,0.0475,0.7229,0.0001,0.2604,0.0001,0.0001,0.0015,0.0282,0.142,1.136,0.256,0.732,0.415,1.338,1.303,1.714,1.178
17680.4,0.4232,0.0475,0.7224,0.0001,0.2606,0.0001,0.0001,0.0015,0.0282,0.142,1.136,0.256,0.732,0.415,1.338,1.303,1.714,1.178
17700.2,0.4233,0.0475,0.7243,0.0001,0.2607,0.0001,0.0001,0.0015,0.0282,0.142,1.136,0.256,0.732,0.415,1.338,1.303,1.714,1.178
17720.4,0.4233,0.0475,0.7253,0.0001,0.2605,0.0001,0.0001,0.0015,0.0282,0.142,1.136,0.256,0.732,0.415,1.338,1.303,1.714,1.178
17740.2,0.4232,0.0475,0.7207,0.0001,0.2606,0.0001,0.0001,0.0015,0.0282,0.142,1.136,0.256,0.732,0.415,1.338,1.303,1.714,1.178
17760.0,0.4232,0.0474,0.722,0.0001,0.2605,0.0001,0.0001,0.0015,0.0282,0.142,1.136,0.256,0.732,0.415,1.338,1.303,1.714,1.178
17780.2,0.4231,0.0474,0.7224,0.0001,0.2609,0.0001,0.0001,0.0015,0.0282,0.142,1.136,0.256,0.732,0.415,1.338,1.303,1.714,1.178
17800.0,0.4232,0.0474,0.7234,0.0001,0.2605,0.0001,0.0001,0.0014,0.0282,0.142,1.136,0.256,0.732,0.415,1.338,1.303,1.714,1.178
17820.3,0.4231,0.0474,0.7233,0.0001,0.2607,0.0001,0.0001,0.0014,0.0282,0.142,1.136,0.256,0.732,0.415,1.338,1.303,1.714,1.178
17840.0,0.4231,0.0474,0.7229,0.0001,0.2608,0.0001,0.0001,0.0014,0.0282,0.142,1.136,0.256,0.732,0.415,1.338,1.303,1.714,1.178
17860.3,0.4231,0.0474,0.724,0.0001,0.2605,0.0001,0.0001,0.0014,0.0282,0.142,1.136,0.256,0.732,0.415,1.338,1.303,1.714,1.178
17880.1,0.4232,0.0474,0.7237,0.0001,0.2607,0.0001,0.0001,0.0014,0.0282,0.142,1.136,0.256,0.732,0.415,1.338,1.303,1.714,1.178
17900.3,0.4232,0.0474,0.7228,0.0001,0.2606,0.0001,0.0001,0.0014,0.0282,0.142,1.136,0.256,0.732,0.415,1.338,1.303,1.714,1.178
17920.1,0.4232,0.0474,0.7224,0.0001,0.2606,0.0001,0.0001,0.0014,0.0282,0.142,1.136,0.256,0.732,0.415,1.338,1.303,1.714,1.178
17940.3,0.4231,0.0474,0.7243,0.0001,0.2606,0.0001,0.0001,0.0014,0.0282,0.142,1.136,0.256,0.732,0.415,1.338,1.303,1.714,1.178
17960.1,0.4231,0.0474,0.7244,0.0001,0.2606,0.0001,0.0001,0.0014,0.0281,0.142,1.136,0.256,0.732,0.415,1.338,1.303,1.714,1.178
17980.3,0.423,0.0474,0.7216,0.0001,0.2607,0.0001,0.0001,0.0014,0.0281,0.142,1.136,0.256,0.732,0.415,1.338,1.303,1.714,1.178
